Name,Latitude,Longitude,Altitude,Dist,AvgSpd,Description,Icon,IconScale,IconAltitude,IconHeading,	IconColor,	LineStringColor,HideNameUntilMouseOver
 , 40.107087510880142 , -88.219265755471568 ,  , 0 , 0 , NO.0<br/><br/>Altitude :  M<br>AvgSpd : 0.00 <br> , 196 , 0.3 , 0 , line-180 , yellow , aqua , true , 
 , 40.308226385495317 , -88.152377186343983 ,  , 0 , 0 , NO.1<br/><br/>Altitude :  M<br>AvgSpd : 0.00 <br> , 196 , 0.3 , 0 , line-180 , yellow , aqua , true , 
 , 40.096679288153894 , -88.238527399294014 ,  , 0 , 0 , NO.2<br/><br/>Altitude :  M<br>AvgSpd : 0.00 <br> , 196 , 0.3 , 0 , line-180 , yellow , aqua , true , 
 , 40.201147521802675 , -88.365158513114196 ,  , 0 , 0 , NO.3<br/><br/>Altitude :  M<br>AvgSpd : 0.00 <br> , 196 , 0.3 , 0 , line-180 , yellow , aqua , true , 
 , 40.090697489839506 , -88.190576006193865 ,  , 0 , 0 , NO.4<br/><br/>Altitude :  M<br>AvgSpd : 0.00 <br> , 196 , 0.3 , 0 , line-180 , yellow , aqua , true , 
 , 40.110610679403038 , -88.218277755592453 ,  , 0 , 0 , NO.5<br/><br/>Altitude :  M<br>AvgSpd : 0.00 <br> , 196 , 0.3 , 0 , line-180 , yellow , aqua , true , 
 , 40.10932859365213 , -88.287992489450502 ,  , 0 , 0 , NO.6<br/><br/>Altitude :  M<br>AvgSpd : 0.00 <br> , 196 , 0.3 , 0 , line-180 , yellow , aqua , true , 
 , 40.308348180261461 , -88.157357292871367 ,  , 0 , 0 , NO.7<br/><br/>Altitude :  M<br>AvgSpd : 0.00 <br> , 196 , 0.3 , 0 , line-180 , yellow , aqua , true , 
 , 40.132227509539725 , -88.277046026522527 ,  , 0 , 0 , NO.8<br/><br/>Altitude :  M<br>AvgSpd : 0.00 <br> , 196 , 0.3 , 0 , line-180 , yellow , aqua , true , 
 , 40.115511861008976 , -88.219375803177073 ,  , 0 , 0 , NO.9<br/><br/>Altitude :  M<br>AvgSpd : 0.00 <br> , 196 , 0.3 , 0 , line-180 , yellow , aqua , false , 
 , 40.116347511302862 , -88.241845762257554 ,  , 0 , 0 , NO.10<br/><br/>Altitude :  M<br>AvgSpd : 0.00 <br> , 196 , 0.3 , 0 , line-180 , yellow , aqua , true , 
 , 40.114074851751468 , -88.20504591981809 ,  , 0 , 0 , NO.11<br/><br/>Altitude :  M<br>AvgSpd : 0.00 <br> , 196 , 0.3 , 0 , line-180 , yellow , aqua , true , 
 , 40.098377506321754 , -88.284775772762003 ,  , 0 , 0 , NO.12<br/><br/>Altitude :  M<br>AvgSpd : 0.00 <br> , 196 , 0.3 , 0 , line-180 , yellow , aqua , true , 
 , 40.127397523863017 , -88.199435154919755 ,  , 0 , 0 , NO.13<br/><br/>Altitude :  M<br>AvgSpd : 0.00 <br> , 196 , 0.3 , 0 , line-180 , yellow , aqua , true , 
 , 40.069127505448314 , -88.209195749029163 ,  , 0 , 0 , NO.14<br/><br/>Altitude :  M<br>AvgSpd : 0.00 <br> , 196 , 0.3 , 0 , line-180 , yellow , aqua , true , 
 , 40.116437513054969 , -88.220745523504988 ,  , 0 , 0 , NO.15<br/><br/>Altitude :  M<br>AvgSpd : 0.00 <br> , 196 , 0.3 , 0 , line-180 , yellow , aqua , true , 
 , 40.109227512351708 , -88.208875751180457 ,  , 0 , 0 , NO.16<br/><br/>Altitude :  M<br>AvgSpd : 0.00 <br> , 196 , 0.3 , 0 , line-180 , yellow , aqua , true , 
 , 40.13260808420565 , -88.243685736294239 ,  , 0 , 0 , NO.17<br/><br/>Altitude :  M<br>AvgSpd : 0.00 <br> , 196 , 0.3 , 0 , line-180 , yellow , aqua , true , 
 , 40.112855801135261 , -88.276603310245321 ,  , 0 , 0 , NO.18<br/><br/>Altitude :  M<br>AvgSpd : 0.00 <br> , 196 , 0.3 , 0 , line-180 , yellow , aqua , true , 
 , 40.111597511913402 , -88.208925753673071 ,  , 0 , 0 , NO.19<br/><br/>Altitude :  M<br>AvgSpd : 0.00 <br> , 196 , 0.3 , 0 , line-180 , yellow , aqua , false , 
 , 40.111917509232626 , -88.2767357721726 ,  , 0 , 0 , NO.20<br/><br/>Altitude :  M<br>AvgSpd : 0.00 <br> , 196 , 0.3 , 0 , line-180 , yellow , aqua , true , 
 , 40.110276439462247 , -88.235585315425055 ,  , 0 , 0 , NO.21<br/><br/>Altitude :  M<br>AvgSpd : 0.00 <br> , 196 , 0.3 , 0 , line-180 , yellow , aqua , true , 
 , 40.109038716643923 , -88.237045779499866 ,  , 0 , 0 , NO.22<br/><br/>Altitude :  M<br>AvgSpd : 0.00 <br> , 196 , 0.3 , 0 , line-180 , yellow , aqua , true , 
 , 40.110631527962944 , -88.217392701578234 ,  , 0 , 0 , NO.23<br/><br/>Altitude :  M<br>AvgSpd : 0.00 <br> , 196 , 0.3 , 0 , line-180 , yellow , aqua , true , 
 , 40.113226282034987 , -88.310797991988039 ,  , 0 , 0 , NO.24<br/><br/>Altitude :  M<br>AvgSpd : 0.00 <br> , 196 , 0.3 , 0 , line-180 , yellow , aqua , true , 
 , 40.114409580279535 , -88.257815767112675 ,  , 0 , 0 , NO.25<br/><br/>Altitude :  M<br>AvgSpd : 0.00 <br> , 196 , 0.3 , 0 , line-180 , yellow , aqua , true , 
 , 40.127877319508947 , -88.331356595355317 ,  , 0 , 0 , NO.26<br/><br/>Altitude :  M<br>AvgSpd : 0.00 <br> , 196 , 0.3 , 0 , line-180 , yellow , aqua , true , 
 , 40.116461719855586 , -88.215627848696258 ,  , 0 , 0 , NO.27<br/><br/>Altitude :  M<br>AvgSpd : 0.00 <br> , 196 , 0.3 , 0 , line-180 , yellow , aqua , true , 
 , 40.11265751006917 , -88.254215766088251 ,  , 0 , 0 , NO.28<br/><br/>Altitude :  M<br>AvgSpd : 0.00 <br> , 196 , 0.3 , 0 , line-180 , yellow , aqua , true , 
 , 40.112984922653062 , -88.220659419726502 ,  , 0 , 0 , NO.29<br/><br/>Altitude :  M<br>AvgSpd : 0.00 <br> , 196 , 0.3 , 0 , line-180 , yellow , aqua , false , 
 , 40.115338864510306 , -88.257815807926008 ,  , 0 , 0 , NO.30<br/><br/>Altitude :  M<br>AvgSpd : 0.00 <br> , 196 , 0.3 , 0 , line-180 , yellow , aqua , true , 
 , 40.098347534318215 , -88.281748511581981 ,  , 0 , 0 , NO.31<br/><br/>Altitude :  M<br>AvgSpd : 0.00 <br> , 196 , 0.3 , 0 , line-180 , yellow , aqua , true , 
 , 40.083958754276836 , -88.296401208797732 ,  , 0 , 0 , NO.32<br/><br/>Altitude :  M<br>AvgSpd : 0.00 <br> , 196 , 0.3 , 0 , line-180 , yellow , aqua , true , 
 , 40.098267506867465 , -88.276515770542275 ,  , 0 , 0 , NO.33<br/><br/>Altitude :  M<br>AvgSpd : 0.00 <br> , 196 , 0.3 , 0 , line-180 , yellow , aqua , true , 
 , 39.986392495471087 , -88.26254485913779 ,  , 0 , 0 , NO.34<br/><br/>Altitude :  M<br>AvgSpd : 0.00 <br> , 196 , 0.3 , 0 , line-180 , yellow , aqua , true , 
 , 40.105997511671902 , -88.221475755390614 ,  , 0 , 0 , NO.35<br/><br/>Altitude :  M<br>AvgSpd : 0.00 <br> , 196 , 0.3 , 0 , line-180 , yellow , aqua , true , 
 , 40.105747471313855 , -88.17680587262555 ,  , 0 , 0 , NO.36<br/><br/>Altitude :  M<br>AvgSpd : 0.00 <br> , 196 , 0.3 , 0 , line-180 , yellow , aqua , true , 
 , 40.116881045796958 , -88.276815772793938 ,  , 0 , 0 , NO.37<br/><br/>Altitude :  M<br>AvgSpd : 0.00 <br> , 196 , 0.3 , 0 , line-180 , yellow , aqua , true , 
 , 40.101477527450548 , -88.238601807022164 ,  , 0 , 0 , NO.38<br/><br/>Altitude :  M<br>AvgSpd : 0.00 <br> , 196 , 0.3 , 0 , line-180 , yellow , aqua , true , 
 , 40.110373871228731 , -88.238717952517149 ,  , 0 , 0 , NO.39<br/><br/>Altitude :  M<br>AvgSpd : 0.00 <br> , 196 , 0.3 , 0 , line-180 , yellow , aqua , false , 
 , 40.1212927682502 , -88.25790576818639 ,  , 0 , 0 , NO.40<br/><br/>Altitude :  M<br>AvgSpd : 0.00 <br> , 196 , 0.3 , 0 , line-180 , yellow , aqua , true , 
 , 40.11833772137313 , -88.216915634271345 ,  , 0 , 0 , NO.41<br/><br/>Altitude :  M<br>AvgSpd : 0.00 <br> , 196 , 0.3 , 0 , line-180 , yellow , aqua , true , 
 , 40.112447513486316 , -88.208935753199597 ,  , 0 , 0 , NO.42<br/><br/>Altitude :  M<br>AvgSpd : 0.00 <br> , 196 , 0.3 , 0 , line-180 , yellow , aqua , true , 
 , 40.116355394386922 , -88.236749760345603 ,  , 0 , 0 , NO.43<br/><br/>Altitude :  M<br>AvgSpd : 0.00 <br> , 196 , 0.3 , 0 , line-180 , yellow , aqua , true , 
 , 40.112356582780187 , -88.238720353556445 ,  , 0 , 0 , NO.44<br/><br/>Altitude :  M<br>AvgSpd : 0.00 <br> , 196 , 0.3 , 0 , line-180 , yellow , aqua , true , 
 , 40.103417508708041 , -88.257695766945503 ,  , 0 , 0 , NO.45<br/><br/>Altitude :  M<br>AvgSpd : 0.00 <br> , 196 , 0.3 , 0 , line-180 , yellow , aqua , true , 
 , 40.097057520328484 , -88.298107481668779 ,  , 0 , 0 , NO.46<br/><br/>Altitude :  M<br>AvgSpd : 0.00 <br> , 196 , 0.3 , 0 , line-180 , yellow , aqua , true , 
 , 40.083815642580298 , -88.190455650541651 ,  , 0 , 0 , NO.47<br/><br/>Altitude :  M<br>AvgSpd : 0.00 <br> , 196 , 0.3 , 0 , line-180 , yellow , aqua , true , 
 , 40.38551756928392 , -88.078945739904611 ,  , 0 , 0 , NO.48<br/><br/>Altitude :  M<br>AvgSpd : 0.00 <br> , 196 , 0.3 , 0 , line-180 , yellow , aqua , true , 
 , 40.119936864106364 , -88.243535801229356 ,  , 0 , 0 , NO.49<br/><br/>Altitude :  M<br>AvgSpd : 0.00 <br> , 196 , 0.3 , 0 , line-180 , yellow , aqua , false , 
 , 40.110415565338705 , -88.227908773389032 ,  , 0 , 0 , NO.50<br/><br/>Altitude :  M<br>AvgSpd : 0.00 <br> , 196 , 0.3 , 0 , line-180 , yellow , aqua , true , 
 , 40.130194179254524 , -88.183414950189544 ,  , 0 , 0 , NO.51<br/><br/>Altitude :  M<br>AvgSpd : 0.00 <br> , 196 , 0.3 , 0 , line-180 , yellow , aqua , true , 
 , 40.105687513365574 , -88.194564019436157 ,  , 0 , 0 , NO.52<br/><br/>Altitude :  M<br>AvgSpd : 0.00 <br> , 196 , 0.3 , 0 , line-180 , yellow , aqua , true , 
 , 40.125426820513468 , -88.262695761279943 ,  , 0 , 0 , NO.53<br/><br/>Altitude :  M<br>AvgSpd : 0.00 <br> , 196 , 0.3 , 0 , line-180 , yellow , aqua , true , 
 , 40.122178936144316 , -88.257915846069238 ,  , 0 , 0 , NO.54<br/><br/>Altitude :  M<br>AvgSpd : 0.00 <br> , 196 , 0.3 , 0 , line-180 , yellow , aqua , true , 
 , 40.110240965976942 , -88.23871574844074 ,  , 0 , 0 , NO.55<br/><br/>Altitude :  M<br>AvgSpd : 0.00 <br> , 196 , 0.3 , 0 , line-180 , yellow , aqua , true , 
 , 40.13211842803976 , -88.275975798472231 ,  , 0 , 0 , NO.56<br/><br/>Altitude :  M<br>AvgSpd : 0.00 <br> , 196 , 0.3 , 0 , line-180 , yellow , aqua , true , 
 , 40.110337509354153 , -88.276715772502953 ,  , 0 , 0 , NO.57<br/><br/>Altitude :  M<br>AvgSpd : 0.00 <br> , 196 , 0.3 , 0 , line-180 , yellow , aqua , true , 
 , 40.098228425686749 , -88.268915823603578 ,  , 0 , 0 , NO.58<br/><br/>Altitude :  M<br>AvgSpd : 0.00 <br> , 196 , 0.3 , 0 , line-180 , yellow , aqua , true , 
 , 40.11993727914772 , -88.24353577708375 ,  , 0 , 0 , NO.59<br/><br/>Altitude :  M<br>AvgSpd : 0.00 <br> , 196 , 0.3 , 0 , line-180 , yellow , aqua , false , 
 , 40.098200091119551 , -88.265449568514754 ,  , 0 , 0 , NO.60<br/><br/>Altitude :  M<br>AvgSpd : 0.00 <br> , 196 , 0.3 , 0 , line-180 , yellow , aqua , true , 
 , 40.127250876896369 , -88.276993858514956 ,  , 0 , 0 , NO.61<br/><br/>Altitude :  M<br>AvgSpd : 0.00 <br> , 196 , 0.3 , 0 , line-180 , yellow , aqua , true , 
 , 40.097824456119973 , -88.2466756031654 ,  , 0 , 0 , NO.62<br/><br/>Altitude :  M<br>AvgSpd : 0.00 <br> , 196 , 0.3 , 0 , line-180 , yellow , aqua , true , 
 , 40.129527514332182 , -88.23680541445178 ,  , 0 , 0 , NO.63<br/><br/>Altitude :  M<br>AvgSpd : 0.00 <br> , 196 , 0.3 , 0 , line-180 , yellow , aqua , true , 
 , 40.098267528186277 , -88.276517259690152 ,  , 0 , 0 , NO.64<br/><br/>Altitude :  M<br>AvgSpd : 0.00 <br> , 196 , 0.3 , 0 , line-180 , yellow , aqua , true , 
 , 40.110337504662624 , -88.276715160074872 ,  , 0 , 0 , NO.65<br/><br/>Altitude :  M<br>AvgSpd : 0.00 <br> , 196 , 0.3 , 0 , line-180 , yellow , aqua , true , 
 , 40.119697351455692 , -88.276895349815703 ,  , 0 , 0 , NO.66<br/><br/>Altitude :  M<br>AvgSpd : 0.00 <br> , 196 , 0.3 , 0 , line-180 , yellow , aqua , true , 
 , 40.146487516775075 , -88.262005770578881 ,  , 0 , 0 , NO.67<br/><br/>Altitude :  M<br>AvgSpd : 0.00 <br> , 196 , 0.3 , 0 , line-180 , yellow , aqua , true , 
 , 40.130688121203981 , -88.269959323629593 ,  , 0 , 0 , NO.68<br/><br/>Altitude :  M<br>AvgSpd : 0.00 <br> , 196 , 0.3 , 0 , line-180 , yellow , aqua , true , 
 , 40.127178338088505 , -88.257985782484269 ,  , 0 , 0 , NO.69<br/><br/>Altitude :  M<br>AvgSpd : 0.00 <br> , 196 , 0.3 , 0 , line-180 , yellow , aqua , false , 
 , 40.139237514995102 , -88.277235775221712 ,  , 0 , 0 , NO.70<br/><br/>Altitude :  M<br>AvgSpd : 0.00 <br> , 196 , 0.3 , 0 , line-180 , yellow , aqua , true , 
 , 40.127177513175816 , -88.257985768375505 ,  , 0 , 0 , NO.71<br/><br/>Altitude :  M<br>AvgSpd : 0.00 <br> , 196 , 0.3 , 0 , line-180 , yellow , aqua , true , 
 , 40.127335620667189 , -88.268905660881714 ,  , 0 , 0 , NO.72<br/><br/>Altitude :  M<br>AvgSpd : 0.00 <br> , 196 , 0.3 , 0 , line-180 , yellow , aqua , true , 
 , 40.110327412273776 , -88.230455869406228 ,  , 0 , 0 , NO.73<br/><br/>Altitude :  M<br>AvgSpd : 0.00 <br> , 196 , 0.3 , 0 , line-180 , yellow , aqua , true , 
 , 40.098527506100453 , -88.298115775957086 ,  , 0 , 0 , NO.74<br/><br/>Altitude :  M<br>AvgSpd : 0.00 <br> , 196 , 0.3 , 0 , line-180 , yellow , aqua , true , 
 , 40.113218196087814 , -88.309907231751524 ,  , 0 , 0 , NO.75<br/><br/>Altitude :  M<br>AvgSpd : 0.00 <br> , 196 , 0.3 , 0 , line-180 , yellow , aqua , true , 
 , 40.119112475878254 , -88.245235764126519 ,  , 0 , 0 , NO.76<br/><br/>Altitude :  M<br>AvgSpd : 0.00 <br> , 196 , 0.3 , 0 , line-180 , yellow , aqua , true , 
 , 40.110578151091055 , -88.223915892176549 ,  , 0 , 0 , NO.77<br/><br/>Altitude :  M<br>AvgSpd : 0.00 <br> , 196 , 0.3 , 0 , line-180 , yellow , aqua , true , 
 , 40.110307495903463 , -88.232056216370481 ,  , 0 , 0 , NO.78<br/><br/>Altitude :  M<br>AvgSpd : 0.00 <br> , 196 , 0.3 , 0 , line-180 , yellow , aqua , true , 
 , 40.109088285854838 , -88.221465036869773 ,  , 0 , 0 , NO.79<br/><br/>Altitude :  M<br>AvgSpd : 0.00 <br> , 196 , 0.3 , 0 , line-180 , yellow , aqua , false , 
 , 40.110286063484999 , -88.233576158070647 ,  , 0 , 0 , NO.80<br/><br/>Altitude :  M<br>AvgSpd : 0.00 <br> , 196 , 0.3 , 0 , line-180 , yellow , aqua , true , 
 , 40.116349308429392 , -88.24117494701774 ,  , 0 , 0 , NO.81<br/><br/>Altitude :  M<br>AvgSpd : 0.00 <br> , 196 , 0.3 , 0 , line-180 , yellow , aqua , true , 
 , 40.099245934302395 , -88.222845711237852 ,  , 0 , 0 , NO.82<br/><br/>Altitude :  M<br>AvgSpd : 0.00 <br> , 196 , 0.3 , 0 , line-180 , yellow , aqua , true , 
 , 40.098097508474922 , -88.23333575741637 ,  , 0 , 0 , NO.83<br/><br/>Altitude :  M<br>AvgSpd : 0.00 <br> , 196 , 0.3 , 0 , line-180 , yellow , aqua , true , 
 , 40.112817512215194 , -88.223995757205714 ,  , 0 , 0 , NO.84<br/><br/>Altitude :  M<br>AvgSpd : 0.00 <br> , 196 , 0.3 , 0 , line-180 , yellow , aqua , true , 
 , 40.116328822397556 , -88.257845820219686 ,  , 0 , 0 , NO.85<br/><br/>Altitude :  M<br>AvgSpd : 0.00 <br> , 196 , 0.3 , 0 , line-180 , yellow , aqua , true , 
 , 40.102707637562744 , -88.241504296312385 ,  , 0 , 0 , NO.86<br/><br/>Altitude :  M<br>AvgSpd : 0.00 <br> , 196 , 0.3 , 0 , line-180 , yellow , aqua , true , 
 , 40.098387557611332 , -88.195554577394276 ,  , 0 , 0 , NO.87<br/><br/>Altitude :  M<br>AvgSpd : 0.00 <br> , 196 , 0.3 , 0 , line-180 , yellow , aqua , true , 
 , 40.094767508161503 , -88.190676192586196 ,  , 0 , 0 , NO.88<br/><br/>Altitude :  M<br>AvgSpd : 0.00 <br> , 196 , 0.3 , 0 , line-180 , yellow , aqua , true , 
 , 40.105746565030046 , -88.176805782111245 ,  , 0 , 0 , NO.89<br/><br/>Altitude :  M<br>AvgSpd : 0.00 <br> , 196 , 0.3 , 0 , line-180 , yellow , aqua , false , 
 , 40.10161778980293 , -88.200105986533302 ,  , 0 , 0 , NO.90<br/><br/>Altitude :  M<br>AvgSpd : 0.00 <br> , 196 , 0.3 , 0 , line-180 , yellow , aqua , true , 
 , 40.110957718856064 , -88.194552477913348 ,  , 0 , 0 , NO.91<br/><br/>Altitude :  M<br>AvgSpd : 0.00 <br> , 196 , 0.3 , 0 , line-180 , yellow , aqua , true , 
 , 40.112834683225458 , -88.20188481459499 ,  , 0 , 0 , NO.92<br/><br/>Altitude :  M<br>AvgSpd : 0.00 <br> , 196 , 0.3 , 0 , line-180 , yellow , aqua , true , 
 , 40.115506100612933 , -88.219375741282761 ,  , 0 , 0 , NO.93<br/><br/>Altitude :  M<br>AvgSpd : 0.00 <br> , 196 , 0.3 , 0 , line-180 , yellow , aqua , true , 
 , 40.093867546554193 , -88.190658140810683 ,  , 0 , 0 , NO.94<br/><br/>Altitude :  M<br>AvgSpd : 0.00 <br> , 196 , 0.3 , 0 , line-180 , yellow , aqua , true , 
 , 40.316067388734545 , -88.136505745479354 ,  , 0 , 0 , NO.95<br/><br/>Altitude :  M<br>AvgSpd : 0.00 <br> , 196 , 0.3 , 0 , line-180 , yellow , aqua , true , 
 , 40.288002343487818 , -88.161192515280888 ,  , 0 , 0 , NO.96<br/><br/>Altitude :  M<br>AvgSpd : 0.00 <br> , 196 , 0.3 , 0 , line-180 , yellow , aqua , true , 
 , 40.309571888760054 , -88.150643778742975 ,  , 0 , 0 , NO.97<br/><br/>Altitude :  M<br>AvgSpd : 0.00 <br> , 196 , 0.3 , 0 , line-180 , yellow , aqua , true , 
 , 40.113900385886531 , -88.031314554087913 ,  , 0 , 0 , NO.98<br/><br/>Altitude :  M<br>AvgSpd : 0.00 <br> , 196 , 0.3 , 0 , line-180 , yellow , aqua , true , 
 , 40.054497499829964 , -88.251425758997897 ,  , 0 , 0 , NO.99<br/><br/>Altitude :  M<br>AvgSpd : 0.00 <br> , 196 , 0.3 , 0 , line-180 , yellow , aqua , false , 
 , 40.076099689041044 , -88.248065414629735 ,  , 0 , 0 , NO.100<br/><br/>Altitude :  M<br>AvgSpd : 0.00 <br> , 196 , 0.3 , 0 , line-180 , yellow , aqua , true , 
 , 40.303617550029387 , -88.155745754770706 ,  , 0 , 0 , NO.101<br/><br/>Altitude :  M<br>AvgSpd : 0.00 <br> , 196 , 0.3 , 0 , line-180 , yellow , aqua , true , 
 , 40.141970533216615 , -88.200162899659489 ,  , 0 , 0 , NO.102<br/><br/>Altitude :  M<br>AvgSpd : 0.00 <br> , 196 , 0.3 , 0 , line-180 , yellow , aqua , true , 
 , 40.083953734326236 , -88.295165775231794 ,  , 0 , 0 , NO.103<br/><br/>Altitude :  M<br>AvgSpd : 0.00 <br> , 196 , 0.3 , 0 , line-180 , yellow , aqua , true , 
 , 40.310667552608919 , -88.147214738533265 ,  , 0 , 0 , NO.104<br/><br/>Altitude :  M<br>AvgSpd : 0.00 <br> , 196 , 0.3 , 0 , line-180 , yellow , aqua , true , 
 , 40.114607511570014 , -88.240115761879395 ,  , 0 , 0 , NO.105<br/><br/>Altitude :  M<br>AvgSpd : 0.00 <br> , 196 , 0.3 , 0 , line-180 , yellow , aqua , true , 
 , 40.12319886530927 , -88.219475748153457 ,  , 0 , 0 , NO.106<br/><br/>Altitude :  M<br>AvgSpd : 0.00 <br> , 196 , 0.3 , 0 , line-180 , yellow , aqua , true , 
 , 40.116407512029959 , -88.228934821235029 ,  , 0 , 0 , NO.107<br/><br/>Altitude :  M<br>AvgSpd : 0.00 <br> , 196 , 0.3 , 0 , line-180 , yellow , aqua , true , 
 , 40.141840713622457 , -88.248672222705878 ,  , 0 , 0 , NO.108<br/><br/>Altitude :  M<br>AvgSpd : 0.00 <br> , 196 , 0.3 , 0 , line-180 , yellow , aqua , true , 
 , 40.104594698518831 , -88.223841685797694 ,  , 0 , 0 , NO.109<br/><br/>Altitude :  M<br>AvgSpd : 0.00 <br> , 196 , 0.3 , 0 , line-180 , yellow , aqua , false , 
 , 40.123137546173879 , -88.224135050492777 ,  , 0 , 0 , NO.110<br/><br/>Altitude :  M<br>AvgSpd : 0.00 <br> , 196 , 0.3 , 0 , line-180 , yellow , aqua , true , 
 , 40.118277512345408 , -88.25009576529591 ,  , 0 , 0 , NO.111<br/><br/>Altitude :  M<br>AvgSpd : 0.00 <br> , 196 , 0.3 , 0 , line-180 , yellow , aqua , true , 
 , 39.990216360533097 , -88.261638524763441 ,  , 0 , 0 , NO.112<br/><br/>Altitude :  M<br>AvgSpd : 0.00 <br> , 196 , 0.3 , 0 , line-180 , yellow , aqua , true , 
 , 40.107468030319801 , -88.215995521453252 ,  , 0 , 0 , NO.113<br/><br/>Altitude :  M<br>AvgSpd : 0.00 <br> , 196 , 0.3 , 0 , line-180 , yellow , aqua , true , 
 , 40.134407518430336 , -88.17719332027913 ,  , 0 , 0 , NO.114<br/><br/>Altitude :  M<br>AvgSpd : 0.00 <br> , 196 , 0.3 , 0 , line-180 , yellow , aqua , true , 
 , 40.123117514678285 , -88.230378199650559 ,  , 0 , 0 , NO.115<br/><br/>Altitude :  M<br>AvgSpd : 0.00 <br> , 196 , 0.3 , 0 , line-180 , yellow , aqua , true , 
 , 40.116457514274821 , -88.217385297300297 ,  , 0 , 0 , NO.116<br/><br/>Altitude :  M<br>AvgSpd : 0.00 <br> , 196 , 0.3 , 0 , line-180 , yellow , aqua , true , 
 , 40.141610598628574 , -88.273235738934389 ,  , 0 , 0 , NO.117<br/><br/>Altitude :  M<br>AvgSpd : 0.00 <br> , 196 , 0.3 , 0 , line-180 , yellow , aqua , true , 
 , 40.112837669391418 , -88.219385966366517 ,  , 0 , 0 , NO.118<br/><br/>Altitude :  M<br>AvgSpd : 0.00 <br> , 196 , 0.3 , 0 , line-180 , yellow , aqua , true , 
 , 40.116498245948883 , -88.212825770101716 ,  , 0 , 0 , NO.119<br/><br/>Altitude :  M<br>AvgSpd : 0.00 <br> , 196 , 0.3 , 0 , line-180 , yellow , aqua , false , 
 , 40.118907513705949 , -88.203605751010187 ,  , 0 , 0 , NO.120<br/><br/>Altitude :  M<br>AvgSpd : 0.00 <br> , 196 , 0.3 , 0 , line-180 , yellow , aqua , true , 
 , 40.109267520054722 , -88.281326668498039 ,  , 0 , 0 , NO.121<br/><br/>Altitude :  M<br>AvgSpd : 0.00 <br> , 196 , 0.3 , 0 , line-180 , yellow , aqua , true , 
 , 40.098101706775914 , -88.244593523699038 ,  , 0 , 0 , NO.122<br/><br/>Altitude :  M<br>AvgSpd : 0.00 <br> , 196 , 0.3 , 0 , line-180 , yellow , aqua , true , 
 , 40.11282349917154 , -88.282834927652999 ,  , 0 , 0 , NO.123<br/><br/>Altitude :  M<br>AvgSpd : 0.00 <br> , 196 , 0.3 , 0 , line-180 , yellow , aqua , true , 
 , 40.127207514164986 , -88.243565764258847 ,  , 0 , 0 , NO.124<br/><br/>Altitude :  M<br>AvgSpd : 0.00 <br> , 196 , 0.3 , 0 , line-180 , yellow , aqua , true , 
 , 40.110287605129358 , -88.233576146522921 ,  , 0 , 0 , NO.125<br/><br/>Altitude :  M<br>AvgSpd : 0.00 <br> , 196 , 0.3 , 0 , line-180 , yellow , aqua , true , 
 , 40.104177510074315 , -88.230295757509793 ,  , 0 , 0 , NO.126<br/><br/>Altitude :  M<br>AvgSpd : 0.00 <br> , 196 , 0.3 , 0 , line-180 , yellow , aqua , true , 
 , 40.188017186527766 , -88.407833506319008 ,  , 0 , 0 , NO.127<br/><br/>Altitude :  M<br>AvgSpd : 0.00 <br> , 196 , 0.3 , 0 , line-180 , yellow , aqua , true , 
 , 40.138019415051183 , -88.238945797217653 ,  , 0 , 0 , NO.128<br/><br/>Altitude :  M<br>AvgSpd : 0.00 <br> , 196 , 0.3 , 0 , line-180 , yellow , aqua , true , 
 , 40.112480981988433 , -88.206675018008312 ,  , 0 , 0 , NO.129<br/><br/>Altitude :  M<br>AvgSpd : 0.00 <br> , 196 , 0.3 , 0 , line-180 , yellow , aqua , false , 
 , 40.114437563711924 , -88.232096988165509 ,  , 0 , 0 , NO.130<br/><br/>Altitude :  M<br>AvgSpd : 0.00 <br> , 196 , 0.3 , 0 , line-180 , yellow , aqua , true , 
 , 40.142127639903883 , -88.169148979417557 ,  , 0 , 0 , NO.131<br/><br/>Altitude :  M<br>AvgSpd : 0.00 <br> , 196 , 0.3 , 0 , line-180 , yellow , aqua , true , 
 , 40.116498245948883 , -88.212825770101716 ,  , 0 , 0 , NO.132<br/><br/>Altitude :  M<br>AvgSpd : 0.00 <br> , 196 , 0.3 , 0 , line-180 , yellow , aqua , true , 
 , 40.104667737314855 , -88.217635854802822 ,  , 0 , 0 , NO.133<br/><br/>Altitude :  M<br>AvgSpd : 0.00 <br> , 196 , 0.3 , 0 , line-180 , yellow , aqua , true , 
 , 40.098133314898206 , -88.25585381131836 ,  , 0 , 0 , NO.134<br/><br/>Altitude :  M<br>AvgSpd : 0.00 <br> , 196 , 0.3 , 0 , line-180 , yellow , aqua , true , 
 , 40.109099234896831 , -88.219305778697574 ,  , 0 , 0 , NO.135<br/><br/>Altitude :  M<br>AvgSpd : 0.00 <br> , 196 , 0.3 , 0 , line-180 , yellow , aqua , true , 
 , 40.127210531436347 , -88.243565930153935 ,  , 0 , 0 , NO.136<br/><br/>Altitude :  M<br>AvgSpd : 0.00 <br> , 196 , 0.3 , 0 , line-180 , yellow , aqua , true , 
 , 40.122027515063699 , -88.201935750983893 ,  , 0 , 0 , NO.137<br/><br/>Altitude :  M<br>AvgSpd : 0.00 <br> , 196 , 0.3 , 0 , line-180 , yellow , aqua , true , 
 , 40.101482597937661 , -88.237534382775863 ,  , 0 , 0 , NO.138<br/><br/>Altitude :  M<br>AvgSpd : 0.00 <br> , 196 , 0.3 , 0 , line-180 , yellow , aqua , true , 
 , 40.117917476170462 , -88.242028876743291 ,  , 0 , 0 , NO.139<br/><br/>Altitude :  M<br>AvgSpd : 0.00 <br> , 196 , 0.3 , 0 , line-180 , yellow , aqua , false , 
 , 40.120076919411872 , -88.219486722579731 ,  , 0 , 0 , NO.140<br/><br/>Altitude :  M<br>AvgSpd : 0.00 <br> , 196 , 0.3 , 0 , line-180 , yellow , aqua , true , 
 , 40.1059863118804 , -88.219245268679302 ,  , 0 , 0 , NO.141<br/><br/>Altitude :  M<br>AvgSpd : 0.00 <br> , 196 , 0.3 , 0 , line-180 , yellow , aqua , true , 
 , 40.147772006143285 , -88.369844936987363 ,  , 0 , 0 , NO.142<br/><br/>Altitude :  M<br>AvgSpd : 0.00 <br> , 196 , 0.3 , 0 , line-180 , yellow , aqua , true , 
 , 40.109038514308828 , -88.257579199115114 ,  , 0 , 0 , NO.143<br/><br/>Altitude :  M<br>AvgSpd : 0.00 <br> , 196 , 0.3 , 0 , line-180 , yellow , aqua , true , 
 , 40.112755912965568 , -88.227127890224054 ,  , 0 , 0 , NO.144<br/><br/>Altitude :  M<br>AvgSpd : 0.00 <br> , 196 , 0.3 , 0 , line-180 , yellow , aqua , true , 
 , 40.108436858899864 , -88.28131482721831 ,  , 0 , 0 , NO.145<br/><br/>Altitude :  M<br>AvgSpd : 0.00 <br> , 196 , 0.3 , 0 , line-180 , yellow , aqua , true , 
 , 40.122156627917839 , -88.248507706604713 ,  , 0 , 0 , NO.146<br/><br/>Altitude :  M<br>AvgSpd : 0.00 <br> , 196 , 0.3 , 0 , line-180 , yellow , aqua , true , 
 , 40.054843575022673 , -88.294493518363623 ,  , 0 , 0 , NO.147<br/><br/>Altitude :  M<br>AvgSpd : 0.00 <br> , 196 , 0.3 , 0 , line-180 , yellow , aqua , true , 
 , 40.109086515381797 , -88.223718436527335 ,  , 0 , 0 , NO.148<br/><br/>Altitude :  M<br>AvgSpd : 0.00 <br> , 196 , 0.3 , 0 , line-180 , yellow , aqua , true , 
 , 40.098097344008444 , -88.233335082065295 ,  , 0 , 0 , NO.149<br/><br/>Altitude :  M<br>AvgSpd : 0.00 <br> , 196 , 0.3 , 0 , line-180 , yellow , aqua , false , 
 , 40.110208844331218 , -88.240294525290494 ,  , 0 , 0 , NO.150<br/><br/>Altitude :  M<br>AvgSpd : 0.00 <br> , 196 , 0.3 , 0 , line-180 , yellow , aqua , true , 
 , 40.083706979134341 , -88.276357316328983 ,  , 0 , 0 , NO.151<br/><br/>Altitude :  M<br>AvgSpd : 0.00 <br> , 196 , 0.3 , 0 , line-180 , yellow , aqua , true , 
 , 40.12225867186784 , -88.276943320390998 ,  , 0 , 0 , NO.152<br/><br/>Altitude :  M<br>AvgSpd : 0.00 <br> , 196 , 0.3 , 0 , line-180 , yellow , aqua , true , 
 , 40.114516854663087 , -88.21936654321604 ,  , 0 , 0 , NO.153<br/><br/>Altitude :  M<br>AvgSpd : 0.00 <br> , 196 , 0.3 , 0 , line-180 , yellow , aqua , true , 
 , 40.141590588824194 , -88.270462431750843 ,  , 0 , 0 , NO.154<br/><br/>Altitude :  M<br>AvgSpd : 0.00 <br> , 196 , 0.3 , 0 , line-180 , yellow , aqua , true , 
 , 40.118436656177252 , -88.276847271955575 ,  , 0 , 0 , NO.155<br/><br/>Altitude :  M<br>AvgSpd : 0.00 <br> , 196 , 0.3 , 0 , line-180 , yellow , aqua , true , 
 , 40.094487440955284 , -88.245185111358609 ,  , 0 , 0 , NO.156<br/><br/>Altitude :  M<br>AvgSpd : 0.00 <br> , 196 , 0.3 , 0 , line-180 , yellow , aqua , true , 
 , 40.112588519979788 , -88.243475122522554 ,  , 0 , 0 , NO.157<br/><br/>Altitude :  M<br>AvgSpd : 0.00 <br> , 196 , 0.3 , 0 , line-180 , yellow , aqua , true , 
 , 40.116327098653663 , -88.20497444619501 ,  , 0 , 0 , NO.158<br/><br/>Altitude :  M<br>AvgSpd : 0.00 <br> , 196 , 0.3 , 0 , line-180 , yellow , aqua , true , 
 , 40.120178833710895 , -88.272490935457029 ,  , 0 , 0 , NO.159<br/><br/>Altitude :  M<br>AvgSpd : 0.00 <br> , 196 , 0.3 , 0 , line-180 , yellow , aqua , false , 
 , 40.10270675794736 , -88.238637922507635 ,  , 0 , 0 , NO.160<br/><br/>Altitude :  M<br>AvgSpd : 0.00 <br> , 196 , 0.3 , 0 , line-180 , yellow , aqua , true , 
 , 40.098097418676744 , -88.233335083385811 ,  , 0 , 0 , NO.161<br/><br/>Altitude :  M<br>AvgSpd : 0.00 <br> , 196 , 0.3 , 0 , line-180 , yellow , aqua , true , 
 , 40.127307579302425 , -88.232265809497775 ,  , 0 , 0 , NO.162<br/><br/>Altitude :  M<br>AvgSpd : 0.00 <br> , 196 , 0.3 , 0 , line-180 , yellow , aqua , true , 
 , 40.116497765819268 , -88.212825760222685 ,  , 0 , 0 , NO.163<br/><br/>Altitude :  M<br>AvgSpd : 0.00 <br> , 196 , 0.3 , 0 , line-180 , yellow , aqua , true , 
 , 40.069296992226874 , -88.285471602975491 ,  , 0 , 0 , NO.164<br/><br/>Altitude :  M<br>AvgSpd : 0.00 <br> , 196 , 0.3 , 0 , line-180 , yellow , aqua , true , 
 , 40.102322314309539 , -88.250495365083324 ,  , 0 , 0 , NO.165<br/><br/>Altitude :  M<br>AvgSpd : 0.00 <br> , 196 , 0.3 , 0 , line-180 , yellow , aqua , true , 
 , 40.098275870939304 , -88.276692280849105 ,  , 0 , 0 , NO.166<br/><br/>Altitude :  M<br>AvgSpd : 0.00 <br> , 196 , 0.3 , 0 , line-180 , yellow , aqua , true , 
 , 40.11267671079441 , -88.233554962496143 ,  , 0 , 0 , NO.167<br/><br/>Altitude :  M<br>AvgSpd : 0.00 <br> , 196 , 0.3 , 0 , line-180 , yellow , aqua , true , 
 , 40.11268784738435 , -88.232084638369969 ,  , 0 , 0 , NO.168<br/><br/>Altitude :  M<br>AvgSpd : 0.00 <br> , 196 , 0.3 , 0 , line-180 , yellow , aqua , true , 
 , 40.087256327336164 , -88.238194904029541 ,  , 0 , 0 , NO.169<br/><br/>Altitude :  M<br>AvgSpd : 0.00 <br> , 196 , 0.3 , 0 , line-180 , yellow , aqua , false , 
 , 40.102406568373716 , -88.285916399026007 ,  , 0 , 0 , NO.170<br/><br/>Altitude :  M<br>AvgSpd : 0.00 <br> , 196 , 0.3 , 0 , line-180 , yellow , aqua , true , 
 , 40.135266049345198 , -88.238926505942501 ,  , 0 , 0 , NO.171<br/><br/>Altitude :  M<br>AvgSpd : 0.00 <br> , 196 , 0.3 , 0 , line-180 , yellow , aqua , true , 
 , 40.102316162210506 , -88.250493031420447 ,  , 0 , 0 , NO.172<br/><br/>Altitude :  M<br>AvgSpd : 0.00 <br> , 196 , 0.3 , 0 , line-180 , yellow , aqua , true , 
 , 40.104209587310152 , -88.223835829072058 ,  , 0 , 0 , NO.173<br/><br/>Altitude :  M<br>AvgSpd : 0.00 <br> , 196 , 0.3 , 0 , line-180 , yellow , aqua , true , 
 , 40.123109334171637 , -88.232115245628833 ,  , 0 , 0 , NO.174<br/><br/>Altitude :  M<br>AvgSpd : 0.00 <br> , 196 , 0.3 , 0 , line-180 , yellow , aqua , true , 
 , 40.109049669350007 , -88.255815096820129 ,  , 0 , 0 , NO.175<br/><br/>Altitude :  M<br>AvgSpd : 0.00 <br> , 196 , 0.3 , 0 , line-180 , yellow , aqua , true , 
 , 40.098157491136348 , -88.25763531055226 ,  , 0 , 0 , NO.176<br/><br/>Altitude :  M<br>AvgSpd : 0.00 <br> , 196 , 0.3 , 0 , line-180 , yellow , aqua , true , 
 , 40.127177386226556 , -88.257980512388841 ,  , 0 , 0 , NO.177<br/><br/>Altitude :  M<br>AvgSpd : 0.00 <br> , 196 , 0.3 , 0 , line-180 , yellow , aqua , true , 
 , 40.112861170406603 , -88.222396421410579 ,  , 0 , 0 , NO.178<br/><br/>Altitude :  M<br>AvgSpd : 0.00 <br> , 196 , 0.3 , 0 , line-180 , yellow , aqua , true , 
 , 40.139238675169011 , -88.277236539327035 ,  , 0 , 0 , NO.179<br/><br/>Altitude :  M<br>AvgSpd : 0.00 <br> , 196 , 0.3 , 0 , line-180 , yellow , aqua , false , 
 , 40.127181834984057 , -88.258343450960325 ,  , 0 , 0 , NO.180<br/><br/>Altitude :  M<br>AvgSpd : 0.00 <br> , 196 , 0.3 , 0 , line-180 , yellow , aqua , true , 
 , 40.303686365876246 , -88.154107272545588 ,  , 0 , 0 , NO.181<br/><br/>Altitude :  M<br>AvgSpd : 0.00 <br> , 196 , 0.3 , 0 , line-180 , yellow , aqua , true , 
 , 40.127277260520088 , -88.235545872219618 ,  , 0 , 0 , NO.182<br/><br/>Altitude :  M<br>AvgSpd : 0.00 <br> , 196 , 0.3 , 0 , line-180 , yellow , aqua , true , 
 , 40.117456221053729 , -88.276817218130589 ,  , 0 , 0 , NO.183<br/><br/>Altitude :  M<br>AvgSpd : 0.00 <br> , 196 , 0.3 , 0 , line-180 , yellow , aqua , true , 
 , 40.103491986882823 , -88.233480398110444 ,  , 0 , 0 , NO.184<br/><br/>Altitude :  M<br>AvgSpd : 0.00 <br> , 196 , 0.3 , 0 , line-180 , yellow , aqua , true , 
 , 40.127427514031439 , -88.277534570442512 ,  , 0 , 0 , NO.185<br/><br/>Altitude :  M<br>AvgSpd : 0.00 <br> , 196 , 0.3 , 0 , line-180 , yellow , aqua , true , 
 , 40.112658034290497 , -88.235397043983298 ,  , 0 , 0 , NO.186<br/><br/>Altitude :  M<br>AvgSpd : 0.00 <br> , 196 , 0.3 , 0 , line-180 , yellow , aqua , true , 
 , 40.108477507802455 , -88.245135625627952 ,  , 0 , 0 , NO.187<br/><br/>Altitude :  M<br>AvgSpd : 0.00 <br> , 196 , 0.3 , 0 , line-180 , yellow , aqua , true , 
 , 40.104207250004507 , -88.227443044214496 ,  , 0 , 0 , NO.188<br/><br/>Altitude :  M<br>AvgSpd : 0.00 <br> , 196 , 0.3 , 0 , line-180 , yellow , aqua , true , 
 , 40.112898158331255 , -88.282835206729303 ,  , 0 , 0 , NO.189<br/><br/>Altitude :  M<br>AvgSpd : 0.00 <br> , 196 , 0.3 , 0 , line-180 , yellow , aqua , false , 
 , 40.19230643240504 , -88.407775936562814 ,  , 0 , 0 , NO.190<br/><br/>Altitude :  M<br>AvgSpd : 0.00 <br> , 196 , 0.3 , 0 , line-180 , yellow , aqua , true , 
 , 40.121106731181989 , -88.242138229327182 ,  , 0 , 0 , NO.191<br/><br/>Altitude :  M<br>AvgSpd : 0.00 <br> , 196 , 0.3 , 0 , line-180 , yellow , aqua , true , 
 , 40.312126857313764 , -88.13652755562488 ,  , 0 , 0 , NO.192<br/><br/>Altitude :  M<br>AvgSpd : 0.00 <br> , 196 , 0.3 , 0 , line-180 , yellow , aqua , true , 
 , 40.107016622436845 , -88.223877409524547 ,  , 0 , 0 , NO.193<br/><br/>Altitude :  M<br>AvgSpd : 0.00 <br> , 196 , 0.3 , 0 , line-180 , yellow , aqua , true , 
 , 40.121187791295931 , -88.246886597783146 ,  , 0 , 0 , NO.194<br/><br/>Altitude :  M<br>AvgSpd : 0.00 <br> , 196 , 0.3 , 0 , line-180 , yellow , aqua , true , 
 , 40.120219124661553 , -88.245226305900687 ,  , 0 , 0 , NO.195<br/><br/>Altitude :  M<br>AvgSpd : 0.00 <br> , 196 , 0.3 , 0 , line-180 , yellow , aqua , true , 
 , 40.099927061137087 , -88.244306820047541 ,  , 0 , 0 , NO.196<br/><br/>Altitude :  M<br>AvgSpd : 0.00 <br> , 196 , 0.3 , 0 , line-180 , yellow , aqua , true , 
 , 40.084068206652077 , -88.307096483840354 ,  , 0 , 0 , NO.197<br/><br/>Altitude :  M<br>AvgSpd : 0.00 <br> , 196 , 0.3 , 0 , line-180 , yellow , aqua , true , 
 , 40.111136967312653 , -88.223938096360044 ,  , 0 , 0 , NO.198<br/><br/>Altitude :  M<br>AvgSpd : 0.00 <br> , 196 , 0.3 , 0 , line-180 , yellow , aqua , true , 
 , 40.106898663565381 , -88.233557237697937 ,  , 0 , 0 , NO.199<br/><br/>Altitude :  M<br>AvgSpd : 0.00 <br> , 196 , 0.3 , 0 , line-180 , yellow , aqua , false , 
 , 40.118276728365643 , -88.251744252439735 ,  , 0 , 0 , NO.200<br/><br/>Altitude :  M<br>AvgSpd : 0.00 <br> , 196 , 0.3 , 0 , line-180 , yellow , aqua , true , 
 , 40.107015244381941 , -88.224168568320195 ,  , 0 , 0 , NO.201<br/><br/>Altitude :  M<br>AvgSpd : 0.00 <br> , 196 , 0.3 , 0 , line-180 , yellow , aqua , true , 
 , 40.098097418676744 , -88.233335083385811 ,  , 0 , 0 , NO.202<br/><br/>Altitude :  M<br>AvgSpd : 0.00 <br> , 196 , 0.3 , 0 , line-180 , yellow , aqua , true , 
 , 40.110567025270456 , -88.225584198490139 ,  , 0 , 0 , NO.203<br/><br/>Altitude :  M<br>AvgSpd : 0.00 <br> , 196 , 0.3 , 0 , line-180 , yellow , aqua , true , 
 , 40.125162063830537 , -88.229939548574109 ,  , 0 , 0 , NO.204<br/><br/>Altitude :  M<br>AvgSpd : 0.00 <br> , 196 , 0.3 , 0 , line-180 , yellow , aqua , true , 
 , 40.11284763681072 , -88.220654728767144 ,  , 0 , 0 , NO.205<br/><br/>Altitude :  M<br>AvgSpd : 0.00 <br> , 196 , 0.3 , 0 , line-180 , yellow , aqua , true , 
 , 40.098109005619108 , -88.248865248671038 ,  , 0 , 0 , NO.206<br/><br/>Altitude :  M<br>AvgSpd : 0.00 <br> , 196 , 0.3 , 0 , line-180 , yellow , aqua , true , 
 , 40.11267671079441 , -88.233554962496143 ,  , 0 , 0 , NO.207<br/><br/>Altitude :  M<br>AvgSpd : 0.00 <br> , 196 , 0.3 , 0 , line-180 , yellow , aqua , true , 
 , 40.040204470615514 , -88.423591235407812 ,  , 0 , 0 , NO.208<br/><br/>Altitude :  M<br>AvgSpd : 0.00 <br> , 196 , 0.3 , 0 , line-180 , yellow , aqua , true , 
 , 40.135423070526777 , -88.27504269028131 ,  , 0 , 0 , NO.209<br/><br/>Altitude :  M<br>AvgSpd : 0.00 <br> , 196 , 0.3 , 0 , line-180 , yellow , aqua , false , 
 , 40.110957656721141 , -88.19575512821821 ,  , 0 , 0 , NO.210<br/><br/>Altitude :  M<br>AvgSpd : 0.00 <br> , 196 , 0.3 , 0 , line-180 , yellow , aqua , true , 
 , 40.110208822859782 , -88.240295818109871 ,  , 0 , 0 , NO.211<br/><br/>Altitude :  M<br>AvgSpd : 0.00 <br> , 196 , 0.3 , 0 , line-180 , yellow , aqua , true , 
 , 40.083606941952382 , -88.257495170616124 ,  , 0 , 0 , NO.212<br/><br/>Altitude :  M<br>AvgSpd : 0.00 <br> , 196 , 0.3 , 0 , line-180 , yellow , aqua , true , 
 , 40.110208821702294 , -88.240295744104927 ,  , 0 , 0 , NO.213<br/><br/>Altitude :  M<br>AvgSpd : 0.00 <br> , 196 , 0.3 , 0 , line-180 , yellow , aqua , true , 
 , 40.118800801748087 , -88.281704014094359 ,  , 0 , 0 , NO.214<br/><br/>Altitude :  M<br>AvgSpd : 0.00 <br> , 196 , 0.3 , 0 , line-180 , yellow , aqua , true , 
 , 40.127176791653156 , -88.257985600023403 ,  , 0 , 0 , NO.215<br/><br/>Altitude :  M<br>AvgSpd : 0.00 <br> , 196 , 0.3 , 0 , line-180 , yellow , aqua , true , 
 , 40.110577340702278 , -88.223919054678362 ,  , 0 , 0 , NO.216<br/><br/>Altitude :  M<br>AvgSpd : 0.00 <br> , 196 , 0.3 , 0 , line-180 , yellow , aqua , true , 
 , 40.11640877940836 , -88.228936910975193 ,  , 0 , 0 , NO.217<br/><br/>Altitude :  M<br>AvgSpd : 0.00 <br> , 196 , 0.3 , 0 , line-180 , yellow , aqua , true , 
 , 40.118317134546658 , -88.245235297362726 ,  , 0 , 0 , NO.218<br/><br/>Altitude :  M<br>AvgSpd : 0.00 <br> , 196 , 0.3 , 0 , line-180 , yellow , aqua , true , 
 , 40.083848724521999 , -88.287718699955505 ,  , 0 , 0 , NO.219<br/><br/>Altitude :  M<br>AvgSpd : 0.00 <br> , 196 , 0.3 , 0 , line-180 , yellow , aqua , false , 
 , 40.122158784122561 , -88.253116593643611 ,  , 0 , 0 , NO.220<br/><br/>Altitude :  M<br>AvgSpd : 0.00 <br> , 196 , 0.3 , 0 , line-180 , yellow , aqua , true , 
 , 40.140757735653274 , -88.257895216742128 ,  , 0 , 0 , NO.221<br/><br/>Altitude :  M<br>AvgSpd : 0.00 <br> , 196 , 0.3 , 0 , line-180 , yellow , aqua , true , 
 , 40.094980423429313 , -88.190676058986597 ,  , 0 , 0 , NO.222<br/><br/>Altitude :  M<br>AvgSpd : 0.00 <br> , 196 , 0.3 , 0 , line-180 , yellow , aqua , true , 
 , 40.11443741311291 , -88.245173030183707 ,  , 0 , 0 , NO.223<br/><br/>Altitude :  M<br>AvgSpd : 0.00 <br> , 196 , 0.3 , 0 , line-180 , yellow , aqua , true , 
 , 40.100656560987822 , -88.219136349415933 ,  , 0 , 0 , NO.224<br/><br/>Altitude :  M<br>AvgSpd : 0.00 <br> , 196 , 0.3 , 0 , line-180 , yellow , aqua , true , 
 , 40.11057718360577 , -88.219325219600421 ,  , 0 , 0 , NO.225<br/><br/>Altitude :  M<br>AvgSpd : 0.00 <br> , 196 , 0.3 , 0 , line-180 , yellow , aqua , true , 
 , 40.109481364997272 , -88.204930835565065 ,  , 0 , 0 , NO.226<br/><br/>Altitude :  M<br>AvgSpd : 0.00 <br> , 196 , 0.3 , 0 , line-180 , yellow , aqua , true , 
 , 40.110497002200312 , -88.226655113678206 ,  , 0 , 0 , NO.227<br/><br/>Altitude :  M<br>AvgSpd : 0.00 <br> , 196 , 0.3 , 0 , line-180 , yellow , aqua , true , 
 , 40.08395750371659 , -88.296205776498127 ,  , 0 , 0 , NO.228<br/><br/>Altitude :  M<br>AvgSpd : 0.00 <br> , 196 , 0.3 , 0 , line-180 , yellow , aqua , true , 
 , 40.098338584856592 , -88.204915837979669 ,  , 0 , 0 , NO.229<br/><br/>Altitude :  M<br>AvgSpd : 0.00 <br> , 196 , 0.3 , 0 , line-180 , yellow , aqua , false , 
 , 40.112628252216986 , -88.238715194760204 ,  , 0 , 0 , NO.230<br/><br/>Altitude :  M<br>AvgSpd : 0.00 <br> , 196 , 0.3 , 0 , line-180 , yellow , aqua , true , 
 , 40.094766836281899 , -88.190675402620329 ,  , 0 , 0 , NO.231<br/><br/>Altitude :  M<br>AvgSpd : 0.00 <br> , 196 , 0.3 , 0 , line-180 , yellow , aqua , true , 
 , 40.102515888770021 , -88.276569163500412 ,  , 0 , 0 , NO.232<br/><br/>Altitude :  M<br>AvgSpd : 0.00 <br> , 196 , 0.3 , 0 , line-180 , yellow , aqua , true , 
 , 40.104097229184354 , -88.237576140365746 ,  , 0 , 0 , NO.233<br/><br/>Altitude :  M<br>AvgSpd : 0.00 <br> , 196 , 0.3 , 0 , line-180 , yellow , aqua , true , 
 , 40.098100947964582 , -88.244593085728752 ,  , 0 , 0 , NO.234<br/><br/>Altitude :  M<br>AvgSpd : 0.00 <br> , 196 , 0.3 , 0 , line-180 , yellow , aqua , true , 
 , 40.110291738718999 , -88.233349154729154 ,  , 0 , 0 , NO.235<br/><br/>Altitude :  M<br>AvgSpd : 0.00 <br> , 196 , 0.3 , 0 , line-180 , yellow , aqua , true , 
 , 40.11272410297569 , -88.205009198544076 ,  , 0 , 0 , NO.236<br/><br/>Altitude :  M<br>AvgSpd : 0.00 <br> , 196 , 0.3 , 0 , line-180 , yellow , aqua , true , 
 , 40.10798817434469 , -88.232064758459927 ,  , 0 , 0 , NO.237<br/><br/>Altitude :  M<br>AvgSpd : 0.00 <br> , 196 , 0.3 , 0 , line-180 , yellow , aqua , true , 
 , 40.105686629485959 , -88.194566807910448 ,  , 0 , 0 , NO.238<br/><br/>Altitude :  M<br>AvgSpd : 0.00 <br> , 196 , 0.3 , 0 , line-180 , yellow , aqua , true , 
 , 40.103920947906907 , -88.176321771683689 ,  , 0 , 0 , NO.239<br/><br/>Altitude :  M<br>AvgSpd : 0.00 <br> , 196 , 0.3 , 0 , line-180 , yellow , aqua , false , 
 , 40.123405891729654 , -88.201322957506676 ,  , 0 , 0 , NO.240<br/><br/>Altitude :  M<br>AvgSpd : 0.00 <br> , 196 , 0.3 , 0 , line-180 , yellow , aqua , true , 
 , 40.116494916412663 , -88.21300161660271 ,  , 0 , 0 , NO.241<br/><br/>Altitude :  M<br>AvgSpd : 0.00 <br> , 196 , 0.3 , 0 , line-180 , yellow , aqua , true , 
 , 40.312126858010991 , -88.136527481396456 ,  , 0 , 0 , NO.242<br/><br/>Altitude :  M<br>AvgSpd : 0.00 <br> , 196 , 0.3 , 0 , line-180 , yellow , aqua , true , 
 , 40.111548364020365 , -88.228946523066895 ,  , 0 , 0 , NO.243<br/><br/>Altitude :  M<br>AvgSpd : 0.00 <br> , 196 , 0.3 , 0 , line-180 , yellow , aqua , true , 
 , 40.10150562029856 , -88.230569343736477 ,  , 0 , 0 , NO.244<br/><br/>Altitude :  M<br>AvgSpd : 0.00 <br> , 196 , 0.3 , 0 , line-180 , yellow , aqua , true , 
 , 40.149450087708622 , -88.407607462688347 ,  , 0 , 0 , NO.245<br/><br/>Altitude :  M<br>AvgSpd : 0.00 <br> , 196 , 0.3 , 0 , line-180 , yellow , aqua , true , 
 , 39.967224409606771 , -88.30903371628267 ,  , 0 , 0 , NO.246<br/><br/>Altitude :  M<br>AvgSpd : 0.00 <br> , 196 , 0.3 , 0 , line-180 , yellow , aqua , true , 
 , 40.105973576439382 , -88.225515725532247 ,  , 0 , 0 , NO.247<br/><br/>Altitude :  M<br>AvgSpd : 0.00 <br> , 196 , 0.3 , 0 , line-180 , yellow , aqua , true , 
 , 40.105426166427065 , -88.233485028693863 ,  , 0 , 0 , NO.248<br/><br/>Altitude :  M<br>AvgSpd : 0.00 <br> , 196 , 0.3 , 0 , line-180 , yellow , aqua , true , 
 , 40.238798944003761 , -88.190313596524248 ,  , 0 , 0 , NO.249<br/><br/>Altitude :  M<br>AvgSpd : 0.00 <br> , 196 , 0.3 , 0 , line-180 , yellow , aqua , false , 
 , 40.3189745480257 , -88.136490920890125 ,  , 0 , 0 , NO.250<br/><br/>Altitude :  M<br>AvgSpd : 0.00 <br> , 196 , 0.3 , 0 , line-180 , yellow , aqua , true , 
 , 40.135846001360669 , -88.25796391468441 ,  , 0 , 0 , NO.251<br/><br/>Altitude :  M<br>AvgSpd : 0.00 <br> , 196 , 0.3 , 0 , line-180 , yellow , aqua , true , 
 , 40.110227850847778 , -88.23993287772322 ,  , 0 , 0 , NO.252<br/><br/>Altitude :  M<br>AvgSpd : 0.00 <br> , 196 , 0.3 , 0 , line-180 , yellow , aqua , true , 
 , 40.098335581662774 , -88.281743264197985 ,  , 0 , 0 , NO.253<br/><br/>Altitude :  M<br>AvgSpd : 0.00 <br> , 196 , 0.3 , 0 , line-180 , yellow , aqua , true , 
 , 40.303615696477863 , -88.158884760370711 ,  , 0 , 0 , NO.254<br/><br/>Altitude :  M<br>AvgSpd : 0.00 <br> , 196 , 0.3 , 0 , line-180 , yellow , aqua , true , 
 , 40.308225159298203 , -88.153349609142907 ,  , 0 , 0 , NO.255<br/><br/>Altitude :  M<br>AvgSpd : 0.00 <br> , 196 , 0.3 , 0 , line-180 , yellow , aqua , true , 
 , 40.305030465790352 , -88.143462414349372 ,  , 0 , 0 , NO.256<br/><br/>Altitude :  M<br>AvgSpd : 0.00 <br> , 196 , 0.3 , 0 , line-180 , yellow , aqua , true , 
 , 39.938027259805011 , -88.083315453509272 ,  , 0 , 0 , NO.257<br/><br/>Altitude :  M<br>AvgSpd : 0.00 <br> , 196 , 0.3 , 0 , line-180 , yellow , aqua , true , 
 , 40.185928939713129 , -88.153685728960127 ,  , 0 , 0 , NO.258<br/><br/>Altitude :  M<br>AvgSpd : 0.00 <br> , 196 , 0.3 , 0 , line-180 , yellow , aqua , true , 
 , 40.222034275425266 , -88.182629686326521 ,  , 0 , 0 , NO.259<br/><br/>Altitude :  M<br>AvgSpd : 0.00 <br> , 196 , 0.3 , 0 , line-180 , yellow , aqua , false , 
 , 40.116364952595347 , -88.24188431155477 ,  , 0 , 0 , NO.260<br/><br/>Altitude :  M<br>AvgSpd : 0.00 <br> , 196 , 0.3 , 0 , line-180 , yellow , aqua , true , 
 , 40.122028926329548 , -88.201935757564215 ,  , 0 , 0 , NO.261<br/><br/>Altitude :  M<br>AvgSpd : 0.00 <br> , 196 , 0.3 , 0 , line-180 , yellow , aqua , true , 
 , 40.102415860265843 , -88.281471454698107 ,  , 0 , 0 , NO.262<br/><br/>Altitude :  M<br>AvgSpd : 0.00 <br> , 196 , 0.3 , 0 , line-180 , yellow , aqua , true , 
 , 40.103855863121048 , -88.241378266939037 ,  , 0 , 0 , NO.263<br/><br/>Altitude :  M<br>AvgSpd : 0.00 <br> , 196 , 0.3 , 0 , line-180 , yellow , aqua , true , 
 , 40.107917223064732 , -88.240313800017759 ,  , 0 , 0 , NO.264<br/><br/>Altitude :  M<br>AvgSpd : 0.00 <br> , 196 , 0.3 , 0 , line-180 , yellow , aqua , true , 
 , 40.109035303200912 , -88.238681477835655 ,  , 0 , 0 , NO.265<br/><br/>Altitude :  M<br>AvgSpd : 0.00 <br> , 196 , 0.3 , 0 , line-180 , yellow , aqua , true , 
 , 40.106322916664745 , -88.238666529592422 ,  , 0 , 0 , NO.266<br/><br/>Altitude :  M<br>AvgSpd : 0.00 <br> , 196 , 0.3 , 0 , line-180 , yellow , aqua , true , 
 , 40.083341565400453 , -88.238391176825303 ,  , 0 , 0 , NO.267<br/><br/>Altitude :  M<br>AvgSpd : 0.00 <br> , 196 , 0.3 , 0 , line-180 , yellow , aqua , true , 
 , 40.10539715291808 , -88.238654925156752 ,  , 0 , 0 , NO.268<br/><br/>Altitude :  M<br>AvgSpd : 0.00 <br> , 196 , 0.3 , 0 , line-180 , yellow , aqua , true , 
 , 40.102014765320263 , -88.204946091070468 ,  , 0 , 0 , NO.269<br/><br/>Altitude :  M<br>AvgSpd : 0.00 <br> , 196 , 0.3 , 0 , line-180 , yellow , aqua , false , 
 , 40.127235122206066 , -88.243566106650661 ,  , 0 , 0 , NO.270<br/><br/>Altitude :  M<br>AvgSpd : 0.00 <br> , 196 , 0.3 , 0 , line-180 , yellow , aqua , true , 
 , 40.09461535694259 , -88.245207545328711 ,  , 0 , 0 , NO.271<br/><br/>Altitude :  M<br>AvgSpd : 0.00 <br> , 196 , 0.3 , 0 , line-180 , yellow , aqua , true , 
 , 40.090923026461944 , -88.209531936123284 ,  , 0 , 0 , NO.272<br/><br/>Altitude :  M<br>AvgSpd : 0.00 <br> , 196 , 0.3 , 0 , line-180 , yellow , aqua , true , 
 , 40.121207523820559 , -88.245207293202284 ,  , 0 , 0 , NO.273<br/><br/>Altitude :  M<br>AvgSpd : 0.00 <br> , 196 , 0.3 , 0 , line-180 , yellow , aqua , true , 
 , 40.122137534047901 , -88.24520439251954 ,  , 0 , 0 , NO.274<br/><br/>Altitude :  M<br>AvgSpd : 0.00 <br> , 196 , 0.3 , 0 , line-180 , yellow , aqua , true , 
 , 40.13724558828455 , -88.250845695713338 ,  , 0 , 0 , NO.275<br/><br/>Altitude :  M<br>AvgSpd : 0.00 <br> , 196 , 0.3 , 0 , line-180 , yellow , aqua , true , 
 , 40.110699029257511 , -88.213172620363608 ,  , 0 , 0 , NO.276<br/><br/>Altitude :  M<br>AvgSpd : 0.00 <br> , 196 , 0.3 , 0 , line-180 , yellow , aqua , true , 
 , 40.116469841798128 , -88.215696200090477 ,  , 0 , 0 , NO.277<br/><br/>Altitude :  M<br>AvgSpd : 0.00 <br> , 196 , 0.3 , 0 , line-180 , yellow , aqua , true , 
 , 40.135848695150457 , -88.257965638818405 ,  , 0 , 0 , NO.278<br/><br/>Altitude :  M<br>AvgSpd : 0.00 <br> , 196 , 0.3 , 0 , line-180 , yellow , aqua , true , 
 , 40.116446697416819 , -88.219375832410407 ,  , 0 , 0 , NO.279<br/><br/>Altitude :  M<br>AvgSpd : 0.00 <br> , 196 , 0.3 , 0 , line-180 , yellow , aqua , false , 
 , 40.100631809024165 , -88.219133481354262 ,  , 0 , 0 , NO.280<br/><br/>Altitude :  M<br>AvgSpd : 0.00 <br> , 196 , 0.3 , 0 , line-180 , yellow , aqua , true , 
 , 40.103767481095709 , -88.219182116686369 ,  , 0 , 0 , NO.281<br/><br/>Altitude :  M<br>AvgSpd : 0.00 <br> , 196 , 0.3 , 0 , line-180 , yellow , aqua , true , 
 , 40.124558066318158 , -88.257929451944648 ,  , 0 , 0 , NO.282<br/><br/>Altitude :  M<br>AvgSpd : 0.00 <br> , 196 , 0.3 , 0 , line-180 , yellow , aqua , true , 
 , 40.122428986142815 , -88.219453427981279 ,  , 0 , 0 , NO.283<br/><br/>Altitude :  M<br>AvgSpd : 0.00 <br> , 196 , 0.3 , 0 , line-180 , yellow , aqua , true , 
 , 40.106472052409238 , -88.219238562415057 ,  , 0 , 0 , NO.284<br/><br/>Altitude :  M<br>AvgSpd : 0.00 <br> , 196 , 0.3 , 0 , line-180 , yellow , aqua , true , 
 , 40.108301411212338 , -88.219293655313606 ,  , 0 , 0 , NO.285<br/><br/>Altitude :  M<br>AvgSpd : 0.00 <br> , 196 , 0.3 , 0 , line-180 , yellow , aqua , true , 
 , 40.109089202031434 , -88.219303236011569 ,  , 0 , 0 , NO.286<br/><br/>Altitude :  M<br>AvgSpd : 0.00 <br> , 196 , 0.3 , 0 , line-180 , yellow , aqua , true , 
 , 40.105973332458369 , -88.225514904746376 ,  , 0 , 0 , NO.287<br/><br/>Altitude :  M<br>AvgSpd : 0.00 <br> , 196 , 0.3 , 0 , line-180 , yellow , aqua , true , 
 , 40.112655331001989 , -88.225628695807444 ,  , 0 , 0 , NO.288<br/><br/>Altitude :  M<br>AvgSpd : 0.00 <br> , 196 , 0.3 , 0 , line-180 , yellow , aqua , true , 
 , 40.112990495430942 , -88.175745493188515 ,  , 0 , 0 , NO.289<br/><br/>Altitude :  M<br>AvgSpd : 0.00 <br> , 196 , 0.3 , 0 , line-180 , yellow , aqua , false , 
 , 40.112747904956514 , -88.228229929185943 ,  , 0 , 0 , NO.290<br/><br/>Altitude :  M<br>AvgSpd : 0.00 <br> , 196 , 0.3 , 0 , line-180 , yellow , aqua , true , 
 , 40.116444185774874 , -88.219699786585025 ,  , 0 , 0 , NO.291<br/><br/>Altitude :  M<br>AvgSpd : 0.00 <br> , 196 , 0.3 , 0 , line-180 , yellow , aqua , true , 
 , 40.127205957280843 , -88.250193251899759 ,  , 0 , 0 , NO.292<br/><br/>Altitude :  M<br>AvgSpd : 0.00 <br> , 196 , 0.3 , 0 , line-180 , yellow , aqua , true , 
 , 40.130953588205493 , -88.2604410741001 ,  , 0 , 0 , NO.293<br/><br/>Altitude :  M<br>AvgSpd : 0.00 <br> , 196 , 0.3 , 0 , line-180 , yellow , aqua , true , 
 , 40.112942947701626 , -88.286051474439247 ,  , 0 , 0 , NO.294<br/><br/>Altitude :  M<br>AvgSpd : 0.00 <br> , 196 , 0.3 , 0 , line-180 , yellow , aqua , true , 
 , 40.113525031605533 , -88.230442014375853 ,  , 0 , 0 , NO.295<br/><br/>Altitude :  M<br>AvgSpd : 0.00 <br> , 196 , 0.3 , 0 , line-180 , yellow , aqua , true , 
 , 40.112579816766043 , -88.248358590986086 ,  , 0 , 0 , NO.296<br/><br/>Altitude :  M<br>AvgSpd : 0.00 <br> , 196 , 0.3 , 0 , line-180 , yellow , aqua , true , 
 , 40.112639035425516 , -88.245142913011293 ,  , 0 , 0 , NO.297<br/><br/>Altitude :  M<br>AvgSpd : 0.00 <br> , 196 , 0.3 , 0 , line-180 , yellow , aqua , true , 
 , 40.112702241072398 , -88.233604288618579 ,  , 0 , 0 , NO.298<br/><br/>Altitude :  M<br>AvgSpd : 0.00 <br> , 196 , 0.3 , 0 , line-180 , yellow , aqua , true , 
 , 40.111927957948645 , -88.276755440447232 ,  , 0 , 0 , NO.299<br/><br/>Altitude :  M<br>AvgSpd : 0.00 <br> , 196 , 0.3 , 0 , line-180 , yellow , aqua , false , 
 , 40.109089062666939 , -88.21930332455014 ,  , 0 , 0 , NO.300<br/><br/>Altitude :  M<br>AvgSpd : 0.00 <br> , 196 , 0.3 , 0 , line-180 , yellow , aqua , true , 
 , 40.110237494812068 , -88.238693606702597 ,  , 0 , 0 , NO.301<br/><br/>Altitude :  M<br>AvgSpd : 0.00 <br> , 196 , 0.3 , 0 , line-180 , yellow , aqua , true , 
 , 40.107751038895245 , -88.195708312172727 ,  , 0 , 0 , NO.302<br/><br/>Altitude :  M<br>AvgSpd : 0.00 <br> , 196 , 0.3 , 0 , line-180 , yellow , aqua , true , 
 , 40.105605126992472 , -88.209661600344617 ,  , 0 , 0 , NO.303<br/><br/>Altitude :  M<br>AvgSpd : 0.00 <br> , 196 , 0.3 , 0 , line-180 , yellow , aqua , true , 
 , 40.106879531306944 , -88.23007047122293 ,  , 0 , 0 , NO.304<br/><br/>Altitude :  M<br>AvgSpd : 0.00 <br> , 196 , 0.3 , 0 , line-180 , yellow , aqua , true , 
 , 40.105425479992093 , -88.233305405594422 ,  , 0 , 0 , NO.305<br/><br/>Altitude :  M<br>AvgSpd : 0.00 <br> , 196 , 0.3 , 0 , line-180 , yellow , aqua , true , 
 , 40.104157270600524 , -88.232765667682244 ,  , 0 , 0 , NO.306<br/><br/>Altitude :  M<br>AvgSpd : 0.00 <br> , 196 , 0.3 , 0 , line-180 , yellow , aqua , true , 
 , 40.097312026156125 , -88.2824625116411 ,  , 0 , 0 , NO.307<br/><br/>Altitude :  M<br>AvgSpd : 0.00 <br> , 196 , 0.3 , 0 , line-180 , yellow , aqua , true , 
 , 40.098372694898003 , -88.195728148621058 ,  , 0 , 0 , NO.308<br/><br/>Altitude :  M<br>AvgSpd : 0.00 <br> , 196 , 0.3 , 0 , line-180 , yellow , aqua , true , 
 , 40.07736699502194 , -88.290668796036329 ,  , 0 , 0 , NO.309<br/><br/>Altitude :  M<br>AvgSpd : 0.00 <br> , 196 , 0.3 , 0 , line-180 , yellow , aqua , false , 
 , 40.098233783825776 , -88.217564830297391 ,  , 0 , 0 , NO.310<br/><br/>Altitude :  M<br>AvgSpd : 0.00 <br> , 196 , 0.3 , 0 , line-180 , yellow , aqua , true , 
 , 40.083866837303248 , -88.289561306434294 ,  , 0 , 0 , NO.311<br/><br/>Altitude :  M<br>AvgSpd : 0.00 <br> , 196 , 0.3 , 0 , line-180 , yellow , aqua , true , 
 , 40.309710256992375 , -88.155821582110804 ,  , 0 , 0 , NO.312<br/><br/>Altitude :  M<br>AvgSpd : 0.00 <br> , 196 , 0.3 , 0 , line-180 , yellow , aqua , true , 
 , 40.074129547710463 , -88.248377986452354 ,  , 0 , 0 , NO.313<br/><br/>Altitude :  M<br>AvgSpd : 0.00 <br> , 196 , 0.3 , 0 , line-180 , yellow , aqua , true , 
 , 40.069009274847168 , -88.24917478158261 ,  , 0 , 0 , NO.314<br/><br/>Altitude :  M<br>AvgSpd : 0.00 <br> , 196 , 0.3 , 0 , line-180 , yellow , aqua , true , 
 , 40.3120416783091 , -88.140587082451901 ,  , 0 , 0 , NO.315<br/><br/>Altitude :  M<br>AvgSpd : 0.00 <br> , 196 , 0.3 , 0 , line-180 , yellow , aqua , true , 
 , 40.241425988543732 , -88.188663244801972 ,  , 0 , 0 , NO.316<br/><br/>Altitude :  M<br>AvgSpd : 0.00 <br> , 196 , 0.3 , 0 , line-180 , yellow , aqua , true , 
 , 40.308217569914348 , -88.152371066643667 ,  , 0 , 0 , NO.317<br/><br/>Altitude :  M<br>AvgSpd : 0.00 <br> , 196 , 0.3 , 0 , line-180 , yellow , aqua , true , 
 , 40.070306808410187 , -88.238392134635788 ,  , 0 , 0 , NO.318<br/><br/>Altitude :  M<br>AvgSpd : 0.00 <br> , 196 , 0.3 , 0 , line-180 , yellow , aqua , true , 
 , 40.128029952384601 , -88.104853614854605 ,  , 0 , 0 , NO.319<br/><br/>Altitude :  M<br>AvgSpd : 0.00 <br> , 196 , 0.3 , 0 , line-180 , yellow , aqua , false , 
 , 40.07986908917507 , -88.162078637843209 ,  , 0 , 0 , NO.320<br/><br/>Altitude :  M<br>AvgSpd : 0.00 <br> , 196 , 0.3 , 0 , line-180 , yellow , aqua , true , 
 , 39.883633723502705 , -88.160500702372147 ,  , 0 , 0 , NO.321<br/><br/>Altitude :  M<br>AvgSpd : 0.00 <br> , 196 , 0.3 , 0 , line-180 , yellow , aqua , true , 
 , 40.118638853696282 , -88.20375507840788 ,  , 0 , 0 , NO.322<br/><br/>Altitude :  M<br>AvgSpd : 0.00 <br> , 196 , 0.3 , 0 , line-180 , yellow , aqua , true , 
 , 40.083747778905128 , -88.190452212879023 ,  , 0 , 0 , NO.323<br/><br/>Altitude :  M<br>AvgSpd : 0.00 <br> , 196 , 0.3 , 0 , line-180 , yellow , aqua , true , 
 , 40.099547500060908 , -88.308452990851734 ,  , 0 , 0 , NO.324<br/><br/>Altitude :  M<br>AvgSpd : 0.00 <br> , 196 , 0.3 , 0 , line-180 , yellow , aqua , true , 
 , 40.109018099401119 , -88.238695696741274 ,  , 0 , 0 , NO.325<br/><br/>Altitude :  M<br>AvgSpd : 0.00 <br> , 196 , 0.3 , 0 , line-180 , yellow , aqua , true , 
 , 40.098059554985028 , -88.238525010167706 ,  , 0 , 0 , NO.326<br/><br/>Altitude :  M<br>AvgSpd : 0.00 <br> , 196 , 0.3 , 0 , line-180 , yellow , aqua , true , 
 , 40.116079384224477 , -88.235413975274838 ,  , 0 , 0 , NO.327<br/><br/>Altitude :  M<br>AvgSpd : 0.00 <br> , 196 , 0.3 , 0 , line-180 , yellow , aqua , true , 
 , 40.105830089888201 , -88.233534196658539 ,  , 0 , 0 , NO.328<br/><br/>Altitude :  M<br>AvgSpd : 0.00 <br> , 196 , 0.3 , 0 , line-180 , yellow , aqua , true , 
 , 40.122138625024036 , -88.232126016588325 ,  , 0 , 0 , NO.329<br/><br/>Altitude :  M<br>AvgSpd : 0.00 <br> , 196 , 0.3 , 0 , line-180 , yellow , aqua , false , 
 , 40.098119122218911 , -88.244607691369509 ,  , 0 , 0 , NO.330<br/><br/>Altitude :  M<br>AvgSpd : 0.00 <br> , 196 , 0.3 , 0 , line-180 , yellow , aqua , true , 
 , 40.083597476970326 , -88.246885758810819 ,  , 0 , 0 , NO.331<br/><br/>Altitude :  M<br>AvgSpd : 0.00 <br> , 196 , 0.3 , 0 , line-180 , yellow , aqua , true , 
 , 40.129900835863339 , -88.243622310390975 ,  , 0 , 0 , NO.332<br/><br/>Altitude :  M<br>AvgSpd : 0.00 <br> , 196 , 0.3 , 0 , line-180 , yellow , aqua , true , 
 , 40.114369375905774 , -88.243525203920456 ,  , 0 , 0 , NO.333<br/><br/>Altitude :  M<br>AvgSpd : 0.00 <br> , 196 , 0.3 , 0 , line-180 , yellow , aqua , true , 
 , 40.102777758131133 , -88.243826831830262 ,  , 0 , 0 , NO.334<br/><br/>Altitude :  M<br>AvgSpd : 0.00 <br> , 196 , 0.3 , 0 , line-180 , yellow , aqua , true , 
 , 40.127215808469067 , -88.243620998137033 ,  , 0 , 0 , NO.335<br/><br/>Altitude :  M<br>AvgSpd : 0.00 <br> , 196 , 0.3 , 0 , line-180 , yellow , aqua , true , 
 , 40.111648485796536 , -88.245145154142861 ,  , 0 , 0 , NO.336<br/><br/>Altitude :  M<br>AvgSpd : 0.00 <br> , 196 , 0.3 , 0 , line-180 , yellow , aqua , true , 
 , 40.115143144501289 , -88.246844365837603 ,  , 0 , 0 , NO.337<br/><br/>Altitude :  M<br>AvgSpd : 0.00 <br> , 196 , 0.3 , 0 , line-180 , yellow , aqua , true , 
 , 40.118316202764049 , -88.246869281531488 ,  , 0 , 0 , NO.338<br/><br/>Altitude :  M<br>AvgSpd : 0.00 <br> , 196 , 0.3 , 0 , line-180 , yellow , aqua , true , 
 , 40.107438489703441 , -88.217685111139005 ,  , 0 , 0 , NO.339<br/><br/>Altitude :  M<br>AvgSpd : 0.00 <br> , 196 , 0.3 , 0 , line-180 , yellow , aqua , false , 
 , 40.121269704220978 , -88.257937506135335 ,  , 0 , 0 , NO.340<br/><br/>Altitude :  M<br>AvgSpd : 0.00 <br> , 196 , 0.3 , 0 , line-180 , yellow , aqua , true , 
 , 40.127176936816667 , -88.257956833136319 ,  , 0 , 0 , NO.341<br/><br/>Altitude :  M<br>AvgSpd : 0.00 <br> , 196 , 0.3 , 0 , line-180 , yellow , aqua , true , 
 , 40.117338259931223 , -88.219444369127686 ,  , 0 , 0 , NO.342<br/><br/>Altitude :  M<br>AvgSpd : 0.00 <br> , 196 , 0.3 , 0 , line-180 , yellow , aqua , true , 
 , 40.139967886934045 , -88.258023773567288 ,  , 0 , 0 , NO.343<br/><br/>Altitude :  M<br>AvgSpd : 0.00 <br> , 196 , 0.3 , 0 , line-180 , yellow , aqua , true , 
 , 40.138018455453938 , -88.258115211449677 ,  , 0 , 0 , NO.344<br/><br/>Altitude :  M<br>AvgSpd : 0.00 <br> , 196 , 0.3 , 0 , line-180 , yellow , aqua , true , 
 , 40.127422924637649 , -88.219559156865799 ,  , 0 , 0 , NO.345<br/><br/>Altitude :  M<br>AvgSpd : 0.00 <br> , 196 , 0.3 , 0 , line-180 , yellow , aqua , true , 
 , 40.109086694682127 , -88.223885979214671 ,  , 0 , 0 , NO.346<br/><br/>Altitude :  M<br>AvgSpd : 0.00 <br> , 196 , 0.3 , 0 , line-180 , yellow , aqua , true , 
 , 40.105559621288904 , -88.223855131837638 ,  , 0 , 0 , NO.347<br/><br/>Altitude :  M<br>AvgSpd : 0.00 <br> , 196 , 0.3 , 0 , line-180 , yellow , aqua , true , 
 , 40.106010447721182 , -88.225495994242152 ,  , 0 , 0 , NO.348<br/><br/>Altitude :  M<br>AvgSpd : 0.00 <br> , 196 , 0.3 , 0 , line-180 , yellow , aqua , true , 
 , 40.127422434458509 , -88.276995262113601 ,  , 0 , 0 , NO.349<br/><br/>Altitude :  M<br>AvgSpd : 0.00 <br> , 196 , 0.3 , 0 , line-180 , yellow , aqua , false , 
 , 40.121986394377366 , -88.276930244031149 ,  , 0 , 0 , NO.350<br/><br/>Altitude :  M<br>AvgSpd : 0.00 <br> , 196 , 0.3 , 0 , line-180 , yellow , aqua , true , 
 , 40.127419162881196 , -88.276997594998548 ,  , 0 , 0 , NO.351<br/><br/>Altitude :  M<br>AvgSpd : 0.00 <br> , 196 , 0.3 , 0 , line-180 , yellow , aqua , true , 
 , 40.109244426162093 , -88.278708439403175 ,  , 0 , 0 , NO.352<br/><br/>Altitude :  M<br>AvgSpd : 0.00 <br> , 196 , 0.3 , 0 , line-180 , yellow , aqua , true , 
 , 40.127470342703923 , -88.278617043360555 ,  , 0 , 0 , NO.353<br/><br/>Altitude :  M<br>AvgSpd : 0.00 <br> , 196 , 0.3 , 0 , line-180 , yellow , aqua , true , 
 , 40.109318735274769 , -88.286015628670953 ,  , 0 , 0 , NO.354<br/><br/>Altitude :  M<br>AvgSpd : 0.00 <br> , 196 , 0.3 , 0 , line-180 , yellow , aqua , true , 
 , 40.116415445150899 , -88.232083210337933 ,  , 0 , 0 , NO.355<br/><br/>Altitude :  M<br>AvgSpd : 0.00 <br> , 196 , 0.3 , 0 , line-180 , yellow , aqua , true , 
 , 40.116350596439339 , -88.246852863348423 ,  , 0 , 0 , NO.356<br/><br/>Altitude :  M<br>AvgSpd : 0.00 <br> , 196 , 0.3 , 0 , line-180 , yellow , aqua , true , 
 , 40.116398053131896 , -88.238896595813443 ,  , 0 , 0 , NO.357<br/><br/>Altitude :  M<br>AvgSpd : 0.00 <br> , 196 , 0.3 , 0 , line-180 , yellow , aqua , true , 
 , 40.116447211068646 , -88.217385304072579 ,  , 0 , 0 , NO.358<br/><br/>Altitude :  M<br>AvgSpd : 0.00 <br> , 196 , 0.3 , 0 , line-180 , yellow , aqua , true , 
 , 40.117449524777491 , -88.209054719842982 ,  , 0 , 0 , NO.359<br/><br/>Altitude :  M<br>AvgSpd : 0.00 <br> , 196 , 0.3 , 0 , line-180 , yellow , aqua , false , 
 , 40.127237946421374 , -88.233803383473514 ,  , 0 , 0 , NO.360<br/><br/>Altitude :  M<br>AvgSpd : 0.00 <br> , 196 , 0.3 , 0 , line-180 , yellow , aqua , true , 
 , 40.127220900790562 , -88.242017095836701 ,  , 0 , 0 , NO.361<br/><br/>Altitude :  M<br>AvgSpd : 0.00 <br> , 196 , 0.3 , 0 , line-180 , yellow , aqua , true , 
 , 40.127368435207821 , -88.271896034480193 ,  , 0 , 0 , NO.362<br/><br/>Altitude :  M<br>AvgSpd : 0.00 <br> , 196 , 0.3 , 0 , line-180 , yellow , aqua , true , 
 , 40.127486830189056 , -88.207723498432259 ,  , 0 , 0 , NO.363<br/><br/>Altitude :  M<br>AvgSpd : 0.00 <br> , 196 , 0.3 , 0 , line-180 , yellow , aqua , true , 
 , 40.110512981838745 , -88.22089081126785 ,  , 0 , 0 , NO.364<br/><br/>Altitude :  M<br>AvgSpd : 0.00 <br> , 196 , 0.3 , 0 , line-180 , yellow , aqua , true , 
 , 40.11263805204841 , -88.256969267326269 ,  , 0 , 0 , NO.365<br/><br/>Altitude :  M<br>AvgSpd : 0.00 <br> , 196 , 0.3 , 0 , line-180 , yellow , aqua , true , 
 , 40.112858995587743 , -88.276785686767965 ,  , 0 , 0 , NO.366<br/><br/>Altitude :  M<br>AvgSpd : 0.00 <br> , 196 , 0.3 , 0 , line-180 , yellow , aqua , true , 
 , 40.112921976429838 , -88.285666376228704 ,  , 0 , 0 , NO.367<br/><br/>Altitude :  M<br>AvgSpd : 0.00 <br> , 196 , 0.3 , 0 , line-180 , yellow , aqua , true , 
 , 40.112618387516925 , -88.248496816706023 ,  , 0 , 0 , NO.368<br/><br/>Altitude :  M<br>AvgSpd : 0.00 <br> , 196 , 0.3 , 0 , line-180 , yellow , aqua , true , 
 , 40.112629368879112 , -88.238752778413456 ,  , 0 , 0 , NO.369<br/><br/>Altitude :  M<br>AvgSpd : 0.00 <br> , 196 , 0.3 , 0 , line-180 , yellow , aqua , false , 
 , 40.109309157391081 , -88.204956152506341 ,  , 0 , 0 , NO.370<br/><br/>Altitude :  M<br>AvgSpd : 0.00 <br> , 196 , 0.3 , 0 , line-180 , yellow , aqua , true , 
 , 40.10909583088587 , -88.219691994444915 ,  , 0 , 0 , NO.371<br/><br/>Altitude :  M<br>AvgSpd : 0.00 <br> , 196 , 0.3 , 0 , line-180 , yellow , aqua , true , 
 , 40.110307295923356 , -88.232056060788423 ,  , 0 , 0 , NO.372<br/><br/>Altitude :  M<br>AvgSpd : 0.00 <br> , 196 , 0.3 , 0 , line-180 , yellow , aqua , true , 
 , 40.110225912156388 , -88.243959212616943 ,  , 0 , 0 , NO.373<br/><br/>Altitude :  M<br>AvgSpd : 0.00 <br> , 196 , 0.3 , 0 , line-180 , yellow , aqua , true , 
 , 40.11028039616145 , -88.235264993508508 ,  , 0 , 0 , NO.374<br/><br/>Altitude :  M<br>AvgSpd : 0.00 <br> , 196 , 0.3 , 0 , line-180 , yellow , aqua , true , 
 , 40.108277058572021 , -88.219326072017907 ,  , 0 , 0 , NO.375<br/><br/>Altitude :  M<br>AvgSpd : 0.00 <br> , 196 , 0.3 , 0 , line-180 , yellow , aqua , true , 
 , 40.110219817661338 , -88.244791904860662 ,  , 0 , 0 , NO.376<br/><br/>Altitude :  M<br>AvgSpd : 0.00 <br> , 196 , 0.3 , 0 , line-180 , yellow , aqua , true , 
 , 40.110305751265948 , -88.232237386797166 ,  , 0 , 0 , NO.377<br/><br/>Altitude :  M<br>AvgSpd : 0.00 <br> , 196 , 0.3 , 0 , line-180 , yellow , aqua , true , 
 , 40.109143015121305 , -88.230655406090634 ,  , 0 , 0 , NO.378<br/><br/>Altitude :  M<br>AvgSpd : 0.00 <br> , 196 , 0.3 , 0 , line-180 , yellow , aqua , true , 
 , 40.108976844294787 , -88.271481320960461 ,  , 0 , 0 , NO.379<br/><br/>Altitude :  M<br>AvgSpd : 0.00 <br> , 196 , 0.3 , 0 , line-180 , yellow , aqua , false , 
 , 40.104646231967138 , -88.219225224156261 ,  , 0 , 0 , NO.380<br/><br/>Altitude :  M<br>AvgSpd : 0.00 <br> , 196 , 0.3 , 0 , line-180 , yellow , aqua , true , 
 , 40.098294115118776 , -88.278301328388054 ,  , 0 , 0 , NO.381<br/><br/>Altitude :  M<br>AvgSpd : 0.00 <br> , 196 , 0.3 , 0 , line-180 , yellow , aqua , true , 
 , 40.098340301587761 , -88.28174689633201 ,  , 0 , 0 , NO.382<br/><br/>Altitude :  M<br>AvgSpd : 0.00 <br> , 196 , 0.3 , 0 , line-180 , yellow , aqua , true , 
 , 40.098463618831204 , -88.292742176626277 ,  , 0 , 0 , NO.383<br/><br/>Altitude :  M<br>AvgSpd : 0.00 <br> , 196 , 0.3 , 0 , line-180 , yellow , aqua , true , 
 , 40.098417880341188 , -88.19070561033466 ,  , 0 , 0 , NO.384<br/><br/>Altitude :  M<br>AvgSpd : 0.00 <br> , 196 , 0.3 , 0 , line-180 , yellow , aqua , true , 
 , 40.110238486076703 , -88.238714108717147 ,  , 0 , 0 , NO.385<br/><br/>Altitude :  M<br>AvgSpd : 0.00 <br> , 196 , 0.3 , 0 , line-180 , yellow , aqua , true , 
 , 40.105381862972067 , -88.237105381303166 ,  , 0 , 0 , NO.386<br/><br/>Altitude :  M<br>AvgSpd : 0.00 <br> , 196 , 0.3 , 0 , line-180 , yellow , aqua , true , 
 , 40.112647714370688 , -88.230456250147938 ,  , 0 , 0 , NO.387<br/><br/>Altitude :  M<br>AvgSpd : 0.00 <br> , 196 , 0.3 , 0 , line-180 , yellow , aqua , true , 
 , 40.098318791588333 , -88.188825939532506 ,  , 0 , 0 , NO.388<br/><br/>Altitude :  M<br>AvgSpd : 0.00 <br> , 196 , 0.3 , 0 , line-180 , yellow , aqua , true , 
 , 40.104665149555402 , -88.217634539689712 ,  , 0 , 0 , NO.389<br/><br/>Altitude :  M<br>AvgSpd : 0.00 <br> , 196 , 0.3 , 0 , line-180 , yellow , aqua , false , 
 , 40.118400607075714 , -88.270835421668721 ,  , 0 , 0 , NO.390<br/><br/>Altitude :  M<br>AvgSpd : 0.00 <br> , 196 , 0.3 , 0 , line-180 , yellow , aqua , true , 
 , 40.116387918403447 , -88.241705037237551 ,  , 0 , 0 , NO.391<br/><br/>Altitude :  M<br>AvgSpd : 0.00 <br> , 196 , 0.3 , 0 , line-180 , yellow , aqua , true , 
 , 40.114128699207726 , -88.215815671774564 ,  , 0 , 0 , NO.392<br/><br/>Altitude :  M<br>AvgSpd : 0.00 <br> , 196 , 0.3 , 0 , line-180 , yellow , aqua , true , 
 , 40.117717730679324 , -88.204252655544835 ,  , 0 , 0 , NO.393<br/><br/>Altitude :  M<br>AvgSpd : 0.00 <br> , 196 , 0.3 , 0 , line-180 , yellow , aqua , true , 
 , 40.098478870920047 , -88.2952043930309 ,  , 0 , 0 , NO.394<br/><br/>Altitude :  M<br>AvgSpd : 0.00 <br> , 196 , 0.3 , 0 , line-180 , yellow , aqua , true , 
 , 40.116317091848316 , -88.250077683252556 ,  , 0 , 0 , NO.395<br/><br/>Altitude :  M<br>AvgSpd : 0.00 <br> , 196 , 0.3 , 0 , line-180 , yellow , aqua , true , 
 , 40.087277591288711 , -88.262655187871118 ,  , 0 , 0 , NO.396<br/><br/>Altitude :  M<br>AvgSpd : 0.00 <br> , 196 , 0.3 , 0 , line-180 , yellow , aqua , true , 
 , 40.116389662070617 , -88.224024797960141 ,  , 0 , 0 , NO.397<br/><br/>Altitude :  M<br>AvgSpd : 0.00 <br> , 196 , 0.3 , 0 , line-180 , yellow , aqua , true , 
 , 40.124911137374518 , -88.242327050185125 ,  , 0 , 0 , NO.398<br/><br/>Altitude :  M<br>AvgSpd : 0.00 <br> , 196 , 0.3 , 0 , line-180 , yellow , aqua , true , 
 , 40.115506213834223 , -88.219428609436918 ,  , 0 , 0 , NO.399<br/><br/>Altitude :  M<br>AvgSpd : 0.00 <br> , 196 , 0.3 , 0 , line-180 , yellow , aqua , false , 
 , 40.109099495628932 , -88.21933723766648 ,  , 0 , 0 , NO.400<br/><br/>Altitude :  M<br>AvgSpd : 0.00 <br> , 196 , 0.3 , 0 , line-180 , yellow , aqua , true , 
 , 40.102776984563327 , -88.219190663942655 ,  , 0 , 0 , NO.401<br/><br/>Altitude :  M<br>AvgSpd : 0.00 <br> , 196 , 0.3 , 0 , line-180 , yellow , aqua , true , 
 , 40.112849846414143 , -88.219407724105778 ,  , 0 , 0 , NO.402<br/><br/>Altitude :  M<br>AvgSpd : 0.00 <br> , 196 , 0.3 , 0 , line-180 , yellow , aqua , true , 
 , 40.11361796007342 , -88.219405443128238 ,  , 0 , 0 , NO.403<br/><br/>Altitude :  M<br>AvgSpd : 0.00 <br> , 196 , 0.3 , 0 , line-180 , yellow , aqua , true , 
 , 40.110920366400109 , -88.197815439791583 ,  , 0 , 0 , NO.404<br/><br/>Altitude :  M<br>AvgSpd : 0.00 <br> , 196 , 0.3 , 0 , line-180 , yellow , aqua , true , 
 , 40.093537834301152 , -88.276477420651219 ,  , 0 , 0 , NO.405<br/><br/>Altitude :  M<br>AvgSpd : 0.00 <br> , 196 , 0.3 , 0 , line-180 , yellow , aqua , true , 
 , 40.119699185735456 , -88.276900418629623 ,  , 0 , 0 , NO.406<br/><br/>Altitude :  M<br>AvgSpd : 0.00 <br> , 196 , 0.3 , 0 , line-180 , yellow , aqua , true , 
 , 40.109021054466744 , -88.276697695564863 ,  , 0 , 0 , NO.407<br/><br/>Altitude :  M<br>AvgSpd : 0.00 <br> , 196 , 0.3 , 0 , line-180 , yellow , aqua , true , 
 , 40.135967627291748 , -88.243734775063643 ,  , 0 , 0 , NO.408<br/><br/>Altitude :  M<br>AvgSpd : 0.00 <br> , 196 , 0.3 , 0 , line-180 , yellow , aqua , true , 
 , 40.112567212153039 , -88.243474050081915 ,  , 0 , 0 , NO.409<br/><br/>Altitude :  M<br>AvgSpd : 0.00 <br> , 196 , 0.3 , 0 , line-180 , yellow , aqua , false , 
 , 40.134659523574562 , -88.272884829248383 ,  , 0 , 0 , NO.410<br/><br/>Altitude :  M<br>AvgSpd : 0.00 <br> , 196 , 0.3 , 0 , line-180 , yellow , aqua , true , 
 , 40.105440936481571 , -88.257777100762411 ,  , 0 , 0 , NO.411<br/><br/>Altitude :  M<br>AvgSpd : 0.00 <br> , 196 , 0.3 , 0 , line-180 , yellow , aqua , true , 
 , 40.146509648307379 , -88.258010034322126 ,  , 0 , 0 , NO.412<br/><br/>Altitude :  M<br>AvgSpd : 0.00 <br> , 196 , 0.3 , 0 , line-180 , yellow , aqua , true , 
 , 40.083748661513589 , -88.209404186981985 ,  , 0 , 0 , NO.413<br/><br/>Altitude :  M<br>AvgSpd : 0.00 <br> , 196 , 0.3 , 0 , line-180 , yellow , aqua , true , 
 , 40.110217080271809 , -88.245147816871324 ,  , 0 , 0 , NO.414<br/><br/>Altitude :  M<br>AvgSpd : 0.00 <br> , 196 , 0.3 , 0 , line-180 , yellow , aqua , true , 
 , 40.113001620806706 , -88.178448013465029 ,  , 0 , 0 , NO.415<br/><br/>Altitude :  M<br>AvgSpd : 0.00 <br> , 196 , 0.3 , 0 , line-180 , yellow , aqua , true , 
 , 40.113574741476704 , -88.205007969135465 ,  , 0 , 0 , NO.416<br/><br/>Altitude :  M<br>AvgSpd : 0.00 <br> , 196 , 0.3 , 0 , line-180 , yellow , aqua , true , 
 , 40.121126133209863 , -88.241216103180506 ,  , 0 , 0 , NO.417<br/><br/>Altitude :  M<br>AvgSpd : 0.00 <br> , 196 , 0.3 , 0 , line-180 , yellow , aqua , true , 
 , 40.11636770763451 , -88.228969179170988 ,  , 0 , 0 , NO.418<br/><br/>Altitude :  M<br>AvgSpd : 0.00 <br> , 196 , 0.3 , 0 , line-180 , yellow , aqua , true , 
 , 40.127402536302533 , -88.19943552844218 ,  , 0 , 0 , NO.419<br/><br/>Altitude :  M<br>AvgSpd : 0.00 <br> , 196 , 0.3 , 0 , line-180 , yellow , aqua , false , 
 , 40.123938853441281 , -88.232125907144365 ,  , 0 , 0 , NO.420<br/><br/>Altitude :  M<br>AvgSpd : 0.00 <br> , 196 , 0.3 , 0 , line-180 , yellow , aqua , true , 
 , 40.123267647843562 , -88.232126765120199 ,  , 0 , 0 , NO.421<br/><br/>Altitude :  M<br>AvgSpd : 0.00 <br> , 196 , 0.3 , 0 , line-180 , yellow , aqua , true , 
 , 40.136073561651671 , -88.238972985572701 ,  , 0 , 0 , NO.422<br/><br/>Altitude :  M<br>AvgSpd : 0.00 <br> , 196 , 0.3 , 0 , line-180 , yellow , aqua , true , 
 , 40.105966721295566 , -88.223937097557553 ,  , 0 , 0 , NO.423<br/><br/>Altitude :  M<br>AvgSpd : 0.00 <br> , 196 , 0.3 , 0 , line-180 , yellow , aqua , true , 
 , 40.131961516390916 , -88.257985180033003 ,  , 0 , 0 , NO.424<br/><br/>Altitude :  M<br>AvgSpd : 0.00 <br> , 196 , 0.3 , 0 , line-180 , yellow , aqua , true , 
 , 40.110256851342079 , -88.238319996161721 ,  , 0 , 0 , NO.425<br/><br/>Altitude :  M<br>AvgSpd : 0.00 <br> , 196 , 0.3 , 0 , line-180 , yellow , aqua , true , 
 , 40.112609611925251 , -88.247088441940633 ,  , 0 , 0 , NO.426<br/><br/>Altitude :  M<br>AvgSpd : 0.00 <br> , 196 , 0.3 , 0 , line-180 , yellow , aqua , true , 
 , 40.098348770480854 , -88.282818067071887 ,  , 0 , 0 , NO.427<br/><br/>Altitude :  M<br>AvgSpd : 0.00 <br> , 196 , 0.3 , 0 , line-180 , yellow , aqua , true , 
 , 40.097710886997348 , -88.244673896596751 ,  , 0 , 0 , NO.428<br/><br/>Altitude :  M<br>AvgSpd : 0.00 <br> , 196 , 0.3 , 0 , line-180 , yellow , aqua , true , 
 , 40.109258105645168 , -88.207315773798186 ,  , 0 , 0 , NO.429<br/><br/>Altitude :  M<br>AvgSpd : 0.00 <br> , 196 , 0.3 , 0 , line-180 , yellow , aqua , false , 
 , 40.112648788847878 , -88.235201579754175 ,  , 0 , 0 , NO.430<br/><br/>Altitude :  M<br>AvgSpd : 0.00 <br> , 196 , 0.3 , 0 , line-180 , yellow , aqua , true , 
 , 40.11153554654183 , -88.230636338971777 ,  , 0 , 0 , NO.431<br/><br/>Altitude :  M<br>AvgSpd : 0.00 <br> , 196 , 0.3 , 0 , line-180 , yellow , aqua , true , 
 , 40.105973434877562 , -88.223450320419872 ,  , 0 , 0 , NO.432<br/><br/>Altitude :  M<br>AvgSpd : 0.00 <br> , 196 , 0.3 , 0 , line-180 , yellow , aqua , true , 
 , 40.102707504827691 , -88.241485762218687 ,  , 0 , 0 , NO.433<br/><br/>Altitude :  M<br>AvgSpd : 0.00 <br> , 196 , 0.3 , 0 , line-180 , yellow , aqua , true , 
 , 40.115338334152753 , -88.257816225054057 ,  , 0 , 0 , NO.434<br/><br/>Altitude :  M<br>AvgSpd : 0.00 <br> , 196 , 0.3 , 0 , line-180 , yellow , aqua , true , 
 , 40.118376185646014 , -88.270295223310669 ,  , 0 , 0 , NO.435<br/><br/>Altitude :  M<br>AvgSpd : 0.00 <br> , 196 , 0.3 , 0 , line-180 , yellow , aqua , true , 
 , 40.087848223253694 , -88.246253096056179 ,  , 0 , 0 , NO.436<br/><br/>Altitude :  M<br>AvgSpd : 0.00 <br> , 196 , 0.3 , 0 , line-180 , yellow , aqua , true , 
 , 40.115346038668932 , -88.245195388434141 ,  , 0 , 0 , NO.437<br/><br/>Altitude :  M<br>AvgSpd : 0.00 <br> , 196 , 0.3 , 0 , line-180 , yellow , aqua , true , 
 , 40.108820627862201 , -88.243455482866636 ,  , 0 , 0 , NO.438<br/><br/>Altitude :  M<br>AvgSpd : 0.00 <br> , 196 , 0.3 , 0 , line-180 , yellow , aqua , true , 
 , 40.119938586097163 , -88.243535782515849 ,  , 0 , 0 , NO.439<br/><br/>Altitude :  M<br>AvgSpd : 0.00 <br> , 196 , 0.3 , 0 , line-180 , yellow , aqua , false , 
 , 40.133625824998703 , -88.243625953544267 ,  , 0 , 0 , NO.440<br/><br/>Altitude :  M<br>AvgSpd : 0.00 <br> , 196 , 0.3 , 0 , line-180 , yellow , aqua , true , 
 , 40.114836276345201 , -88.246841631793856 ,  , 0 , 0 , NO.441<br/><br/>Altitude :  M<br>AvgSpd : 0.00 <br> , 196 , 0.3 , 0 , line-180 , yellow , aqua , true , 
 , 40.111648160156562 , -88.245145783453324 ,  , 0 , 0 , NO.442<br/><br/>Altitude :  M<br>AvgSpd : 0.00 <br> , 196 , 0.3 , 0 , line-180 , yellow , aqua , true , 
 , 40.135868080584579 , -88.258020214693872 ,  , 0 , 0 , NO.443<br/><br/>Altitude :  M<br>AvgSpd : 0.00 <br> , 196 , 0.3 , 0 , line-180 , yellow , aqua , true , 
 , 40.098307978462223 , -88.209595519602374 ,  , 0 , 0 , NO.444<br/><br/>Altitude :  M<br>AvgSpd : 0.00 <br> , 196 , 0.3 , 0 , line-180 , yellow , aqua , true , 
 , 40.116438646636517 , -88.219386786939467 ,  , 0 , 0 , NO.445<br/><br/>Altitude :  M<br>AvgSpd : 0.00 <br> , 196 , 0.3 , 0 , line-180 , yellow , aqua , true , 
 , 40.102776678543918 , -88.219197411539994 ,  , 0 , 0 , NO.446<br/><br/>Altitude :  M<br>AvgSpd : 0.00 <br> , 196 , 0.3 , 0 , line-180 , yellow , aqua , true , 
 , 40.115408401206018 , -88.23210469605803 ,  , 0 , 0 , NO.447<br/><br/>Altitude :  M<br>AvgSpd : 0.00 <br> , 196 , 0.3 , 0 , line-180 , yellow , aqua , true , 
 , 40.11266732385937 , -88.257805125424113 ,  , 0 , 0 , NO.448<br/><br/>Altitude :  M<br>AvgSpd : 0.00 <br> , 196 , 0.3 , 0 , line-180 , yellow , aqua , true , 
 , 40.226076372487135 , -88.182594673074504 ,  , 0 , 0 , NO.449<br/><br/>Altitude :  M<br>AvgSpd : 0.00 <br> , 196 , 0.3 , 0 , line-180 , yellow , aqua , false , 
 , 40.116856333734873 , -88.038275929539097 ,  , 0 , 0 , NO.450<br/><br/>Altitude :  M<br>AvgSpd : 0.00 <br> , 196 , 0.3 , 0 , line-180 , yellow , aqua , true , 
 , 40.021284564523057 , -88.073298409657284 ,  , 0 , 0 , NO.451<br/><br/>Altitude :  M<br>AvgSpd : 0.00 <br> , 196 , 0.3 , 0 , line-180 , yellow , aqua , true , 
 , 40.010476986540759 , -88.237866483364598 ,  , 0 , 0 , NO.452<br/><br/>Altitude :  M<br>AvgSpd : 0.00 <br> , 196 , 0.3 , 0 , line-180 , yellow , aqua , true , 
 , 40.123539434532645 , -87.958882145227506 ,  , 0 , 0 , NO.453<br/><br/>Altitude :  M<br>AvgSpd : 0.00 <br> , 196 , 0.3 , 0 , line-180 , yellow , aqua , true , 
 , 40.113187442445579 , -88.041704944971499 ,  , 0 , 0 , NO.454<br/><br/>Altitude :  M<br>AvgSpd : 0.00 <br> , 196 , 0.3 , 0 , line-180 , yellow , aqua , true , 
 , 40.130694779069195 , -88.254545377831448 ,  , 0 , 0 , NO.455<br/><br/>Altitude :  M<br>AvgSpd : 0.00 <br> , 196 , 0.3 , 0 , line-180 , yellow , aqua , true , 
 , 40.137978540631991 , -88.243724512448509 ,  , 0 , 0 , NO.456<br/><br/>Altitude :  M<br>AvgSpd : 0.00 <br> , 196 , 0.3 , 0 , line-180 , yellow , aqua , true , 
 , 40.310689109289676 , -88.155826906173459 ,  , 0 , 0 , NO.457<br/><br/>Altitude :  M<br>AvgSpd : 0.00 <br> , 196 , 0.3 , 0 , line-180 , yellow , aqua , true , 
 , 40.086113049139527 , -88.246528950543393 ,  , 0 , 0 , NO.458<br/><br/>Altitude :  M<br>AvgSpd : 0.00 <br> , 196 , 0.3 , 0 , line-180 , yellow , aqua , true , 
 , 40.09272580428469 , -88.257586941935614 ,  , 0 , 0 , NO.459<br/><br/>Altitude :  M<br>AvgSpd : 0.00 <br> , 196 , 0.3 , 0 , line-180 , yellow , aqua , false , 
 , 40.103661523101692 , -88.251718024132899 ,  , 0 , 0 , NO.460<br/><br/>Altitude :  M<br>AvgSpd : 0.00 <br> , 196 , 0.3 , 0 , line-180 , yellow , aqua , true , 
 , 40.112617392290872 , -88.24681666702277 ,  , 0 , 0 , NO.461<br/><br/>Altitude :  M<br>AvgSpd : 0.00 <br> , 196 , 0.3 , 0 , line-180 , yellow , aqua , true , 
 , 40.112766917009829 , -88.21597272327972 ,  , 0 , 0 , NO.462<br/><br/>Altitude :  M<br>AvgSpd : 0.00 <br> , 196 , 0.3 , 0 , line-180 , yellow , aqua , true , 
 , 40.122026185705629 , -88.201935835786685 ,  , 0 , 0 , NO.463<br/><br/>Altitude :  M<br>AvgSpd : 0.00 <br> , 196 , 0.3 , 0 , line-180 , yellow , aqua , true , 
 , 40.110258432113113 , -88.268738530340585 ,  , 0 , 0 , NO.464<br/><br/>Altitude :  M<br>AvgSpd : 0.00 <br> , 196 , 0.3 , 0 , line-180 , yellow , aqua , true , 
 , 40.130958020206471 , -88.260375301554646 ,  , 0 , 0 , NO.465<br/><br/>Altitude :  M<br>AvgSpd : 0.00 <br> , 196 , 0.3 , 0 , line-180 , yellow , aqua , true , 
 , 40.127277260519179 , -88.235545871146812 ,  , 0 , 0 , NO.466<br/><br/>Altitude :  M<br>AvgSpd : 0.00 <br> , 196 , 0.3 , 0 , line-180 , yellow , aqua , true , 
 , 40.114426648194922 , -88.246837277789623 ,  , 0 , 0 , NO.467<br/><br/>Altitude :  M<br>AvgSpd : 0.00 <br> , 196 , 0.3 , 0 , line-180 , yellow , aqua , true , 
 , 40.322844907091294 , -88.346804545498699 ,  , 0 , 0 , NO.468<br/><br/>Altitude :  M<br>AvgSpd : 0.00 <br> , 196 , 0.3 , 0 , line-180 , yellow , aqua , true , 
 , 40.110228763476712 , -88.243477361974939 ,  , 0 , 0 , NO.469<br/><br/>Altitude :  M<br>AvgSpd : 0.00 <br> , 196 , 0.3 , 0 , line-180 , yellow , aqua , false , 
 , 40.112628252216986 , -88.238715194760204 ,  , 0 , 0 , NO.470<br/><br/>Altitude :  M<br>AvgSpd : 0.00 <br> , 196 , 0.3 , 0 , line-180 , yellow , aqua , true , 
 , 40.116347973669988 , -88.238735247730787 ,  , 0 , 0 , NO.471<br/><br/>Altitude :  M<br>AvgSpd : 0.00 <br> , 196 , 0.3 , 0 , line-180 , yellow , aqua , true , 
 , 40.098100953433622 , -88.244594133067793 ,  , 0 , 0 , NO.472<br/><br/>Altitude :  M<br>AvgSpd : 0.00 <br> , 196 , 0.3 , 0 , line-180 , yellow , aqua , true , 
 , 40.10270675794736 , -88.238637922507635 ,  , 0 , 0 , NO.473<br/><br/>Altitude :  M<br>AvgSpd : 0.00 <br> , 196 , 0.3 , 0 , line-180 , yellow , aqua , true , 
 , 40.094486367789528 , -88.245185702871836 ,  , 0 , 0 , NO.474<br/><br/>Altitude :  M<br>AvgSpd : 0.00 <br> , 196 , 0.3 , 0 , line-180 , yellow , aqua , true , 
 , 40.101897758949697 , -88.219165288562948 ,  , 0 , 0 , NO.475<br/><br/>Altitude :  M<br>AvgSpd : 0.00 <br> , 196 , 0.3 , 0 , line-180 , yellow , aqua , true , 
 , 40.100656560987822 , -88.219136349415933 ,  , 0 , 0 , NO.476<br/><br/>Altitude :  M<br>AvgSpd : 0.00 <br> , 196 , 0.3 , 0 , line-180 , yellow , aqua , true , 
 , 40.120066863643387 , -88.224095838992255 ,  , 0 , 0 , NO.477<br/><br/>Altitude :  M<br>AvgSpd : 0.00 <br> , 196 , 0.3 , 0 , line-180 , yellow , aqua , true , 
 , 40.111536607218994 , -88.219343202976177 ,  , 0 , 0 , NO.478<br/><br/>Altitude :  M<br>AvgSpd : 0.00 <br> , 196 , 0.3 , 0 , line-180 , yellow , aqua , true , 
 , 40.112687846849184 , -88.232085282286548 ,  , 0 , 0 , NO.479<br/><br/>Altitude :  M<br>AvgSpd : 0.00 <br> , 196 , 0.3 , 0 , line-180 , yellow , aqua , false , 
 , 40.122719672935673 , -88.262647710514329 ,  , 0 , 0 , NO.480<br/><br/>Altitude :  M<br>AvgSpd : 0.00 <br> , 196 , 0.3 , 0 , line-180 , yellow , aqua , true , 
 , 40.104178828781272 , -88.230296014699036 ,  , 0 , 0 , NO.481<br/><br/>Altitude :  M<br>AvgSpd : 0.00 <br> , 196 , 0.3 , 0 , line-180 , yellow , aqua , true , 
 , 40.322073925710683 , -88.138878859882638 ,  , 0 , 0 , NO.482<br/><br/>Altitude :  M<br>AvgSpd : 0.00 <br> , 196 , 0.3 , 0 , line-180 , yellow , aqua , true , 
 , 40.110237405891986 , -88.238714800941665 ,  , 0 , 0 , NO.483<br/><br/>Altitude :  M<br>AvgSpd : 0.00 <br> , 196 , 0.3 , 0 , line-180 , yellow , aqua , true , 
 , 40.287062184559645 , -88.166874448733381 ,  , 0 , 0 , NO.484<br/><br/>Altitude :  M<br>AvgSpd : 0.00 <br> , 196 , 0.3 , 0 , line-180 , yellow , aqua , true , 
 , 40.079227280890301 , -88.257406711458316 ,  , 0 , 0 , NO.485<br/><br/>Altitude :  M<br>AvgSpd : 0.00 <br> , 196 , 0.3 , 0 , line-180 , yellow , aqua , true , 
 , 40.104853181639228 , -88.223846273786478 ,  , 0 , 0 , NO.486<br/><br/>Altitude :  M<br>AvgSpd : 0.00 <br> , 196 , 0.3 , 0 , line-180 , yellow , aqua , true , 
 , 40.113187442445579 , -88.041704944971499 ,  , 0 , 0 , NO.487<br/><br/>Altitude :  M<br>AvgSpd : 0.00 <br> , 196 , 0.3 , 0 , line-180 , yellow , aqua , true , 
 , 40.090856722625354 , -88.276423981880683 ,  , 0 , 0 , NO.488<br/><br/>Altitude :  M<br>AvgSpd : 0.00 <br> , 196 , 0.3 , 0 , line-180 , yellow , aqua , true , 
 , 40.110307433869352 , -88.232056222540322 ,  , 0 , 0 , NO.489<br/><br/>Altitude :  M<br>AvgSpd : 0.00 <br> , 196 , 0.3 , 0 , line-180 , yellow , aqua , false , 
 , 40.107977752573113 , -88.233577214880327 ,  , 0 , 0 , NO.490<br/><br/>Altitude :  M<br>AvgSpd : 0.00 <br> , 196 , 0.3 , 0 , line-180 , yellow , aqua , true , 
 , 40.110415498245288 , -88.227902316315735 ,  , 0 , 0 , NO.491<br/><br/>Altitude :  M<br>AvgSpd : 0.00 <br> , 196 , 0.3 , 0 , line-180 , yellow , aqua , true , 
 , 40.110549498476658 , -88.220529528938712 ,  , 0 , 0 , NO.492<br/><br/>Altitude :  M<br>AvgSpd : 0.00 <br> , 196 , 0.3 , 0 , line-180 , yellow , aqua , true , 
 , 40.11235703981513 , -88.21392065625264 ,  , 0 , 0 , NO.493<br/><br/>Altitude :  M<br>AvgSpd : 0.00 <br> , 196 , 0.3 , 0 , line-180 , yellow , aqua , true , 
 , 40.116303506204311 , -88.196645491031731 ,  , 0 , 0 , NO.494<br/><br/>Altitude :  M<br>AvgSpd : 0.00 <br> , 196 , 0.3 , 0 , line-180 , yellow , aqua , true , 
 , 40.123998111951735 , -88.257950161513307 ,  , 0 , 0 , NO.495<br/><br/>Altitude :  M<br>AvgSpd : 0.00 <br> , 196 , 0.3 , 0 , line-180 , yellow , aqua , true , 
 , 40.102286414606198 , -88.245161364192114 ,  , 0 , 0 , NO.496<br/><br/>Altitude :  M<br>AvgSpd : 0.00 <br> , 196 , 0.3 , 0 , line-180 , yellow , aqua , true , 
 , 40.311048184187449 , -88.142654754613645 ,  , 0 , 0 , NO.497<br/><br/>Altitude :  M<br>AvgSpd : 0.00 <br> , 196 , 0.3 , 0 , line-180 , yellow , aqua , true , 
 , 40.12746792546762 , -88.280348839300473 ,  , 0 , 0 , NO.498<br/><br/>Altitude :  M<br>AvgSpd : 0.00 <br> , 196 , 0.3 , 0 , line-180 , yellow , aqua , true , 
 , 40.110874703892698 , -88.228957633280586 ,  , 0 , 0 , NO.499<br/><br/>Altitude :  M<br>AvgSpd : 0.00 <br> , 196 , 0.3 , 0 , line-180 , yellow , aqua , false , 
 , 40.110147395817009 , -88.253974794977353 ,  , 0 , 0 , NO.500<br/><br/>Altitude :  M<br>AvgSpd : 0.00 <br> , 196 , 0.3 , 0 , line-180 , yellow , aqua , true , 
 , 40.10600488220139 , -88.225497384757361 ,  , 0 , 0 , NO.501<br/><br/>Altitude :  M<br>AvgSpd : 0.00 <br> , 196 , 0.3 , 0 , line-180 , yellow , aqua , true , 
 , 40.101496458903625 , -88.233435388470426 ,  , 0 , 0 , NO.502<br/><br/>Altitude :  M<br>AvgSpd : 0.00 <br> , 196 , 0.3 , 0 , line-180 , yellow , aqua , true , 
 , 40.101482116751932 , -88.237454464841463 ,  , 0 , 0 , NO.503<br/><br/>Altitude :  M<br>AvgSpd : 0.00 <br> , 196 , 0.3 , 0 , line-180 , yellow , aqua , true , 
 , 40.309422161807987 , -88.13448632948564 ,  , 0 , 0 , NO.504<br/><br/>Altitude :  M<br>AvgSpd : 0.00 <br> , 196 , 0.3 , 0 , line-180 , yellow , aqua , true , 
 , 40.109097678468508 , -88.219306665785012 ,  , 0 , 0 , NO.505<br/><br/>Altitude :  M<br>AvgSpd : 0.00 <br> , 196 , 0.3 , 0 , line-180 , yellow , aqua , true , 
 , 40.130976648919997 , -88.274805346260877 ,  , 0 , 0 , NO.506<br/><br/>Altitude :  M<br>AvgSpd : 0.00 <br> , 196 , 0.3 , 0 , line-180 , yellow , aqua , true , 
 , 40.306037558473058 , -88.02153327850445 ,  , 0 , 0 , NO.507<br/><br/>Altitude :  M<br>AvgSpd : 0.00 <br> , 196 , 0.3 , 0 , line-180 , yellow , aqua , true , 
 , 40.127396707207318 , -88.199435402914943 ,  , 0 , 0 , NO.508<br/><br/>Altitude :  M<br>AvgSpd : 0.00 <br> , 196 , 0.3 , 0 , line-180 , yellow , aqua , true , 
 , 40.110147493214015 , -88.25362092568318 ,  , 0 , 0 , NO.509<br/><br/>Altitude :  M<br>AvgSpd : 0.00 <br> , 196 , 0.3 , 0 , line-180 , yellow , aqua , false , 
 , 40.110553175682135 , -88.221080073985576 ,  , 0 , 0 , NO.510<br/><br/>Altitude :  M<br>AvgSpd : 0.00 <br> , 196 , 0.3 , 0 , line-180 , yellow , aqua , true , 
 , 40.129908111539258 , -88.219556591145349 ,  , 0 , 0 , NO.511<br/><br/>Altitude :  M<br>AvgSpd : 0.00 <br> , 196 , 0.3 , 0 , line-180 , yellow , aqua , true , 
 , 40.127217612030748 , -88.242347232949754 ,  , 0 , 0 , NO.512<br/><br/>Altitude :  M<br>AvgSpd : 0.00 <br> , 196 , 0.3 , 0 , line-180 , yellow , aqua , true , 
 , 40.083576967902538 , -88.246882483988273 ,  , 0 , 0 , NO.513<br/><br/>Altitude :  M<br>AvgSpd : 0.00 <br> , 196 , 0.3 , 0 , line-180 , yellow , aqua , true , 
 , 40.192583481873321 , -88.38914238498036 ,  , 0 , 0 , NO.514<br/><br/>Altitude :  M<br>AvgSpd : 0.00 <br> , 196 , 0.3 , 0 , line-180 , yellow , aqua , true , 
 , 40.110288121185228 , -88.233576117524962 ,  , 0 , 0 , NO.515<br/><br/>Altitude :  M<br>AvgSpd : 0.00 <br> , 196 , 0.3 , 0 , line-180 , yellow , aqua , true , 
 , 40.106477840077531 , -88.219256270436901 ,  , 0 , 0 , NO.516<br/><br/>Altitude :  M<br>AvgSpd : 0.00 <br> , 196 , 0.3 , 0 , line-180 , yellow , aqua , true , 
 , 40.083489266939416 , -88.232455766685135 ,  , 0 , 0 , NO.517<br/><br/>Altitude :  M<br>AvgSpd : 0.00 <br> , 196 , 0.3 , 0 , line-180 , yellow , aqua , true , 
 , 40.098227606075831 , -88.268913994912936 ,  , 0 , 0 , NO.518<br/><br/>Altitude :  M<br>AvgSpd : 0.00 <br> , 196 , 0.3 , 0 , line-180 , yellow , aqua , true , 
 , 40.127316435225147 , -88.230493941125872 ,  , 0 , 0 , NO.519<br/><br/>Altitude :  M<br>AvgSpd : 0.00 <br> , 196 , 0.3 , 0 , line-180 , yellow , aqua , false , 
 , 40.127238610198397 , -88.238465958004028 ,  , 0 , 0 , NO.520<br/><br/>Altitude :  M<br>AvgSpd : 0.00 <br> , 196 , 0.3 , 0 , line-180 , yellow , aqua , true , 
 , 40.121167020587748 , -88.245224587490114 ,  , 0 , 0 , NO.521<br/><br/>Altitude :  M<br>AvgSpd : 0.00 <br> , 196 , 0.3 , 0 , line-180 , yellow , aqua , true , 
 , 40.125786481542136 , -88.262700214490195 ,  , 0 , 0 , NO.522<br/><br/>Altitude :  M<br>AvgSpd : 0.00 <br> , 196 , 0.3 , 0 , line-180 , yellow , aqua , true , 
 , 40.121188245340285 , -88.246886602929351 ,  , 0 , 0 , NO.523<br/><br/>Altitude :  M<br>AvgSpd : 0.00 <br> , 196 , 0.3 , 0 , line-180 , yellow , aqua , true , 
 , 40.106527288284859 , -88.215994674977324 ,  , 0 , 0 , NO.524<br/><br/>Altitude :  M<br>AvgSpd : 0.00 <br> , 196 , 0.3 , 0 , line-180 , yellow , aqua , true , 
 , 40.109257373396787 , -88.207315656812213 ,  , 0 , 0 , NO.525<br/><br/>Altitude :  M<br>AvgSpd : 0.00 <br> , 196 , 0.3 , 0 , line-180 , yellow , aqua , true , 
 , 40.112617392291668 , -88.246816668095377 ,  , 0 , 0 , NO.526<br/><br/>Altitude :  M<br>AvgSpd : 0.00 <br> , 196 , 0.3 , 0 , line-180 , yellow , aqua , true , 
 , 40.098826237525557 , -88.181346525231746 ,  , 0 , 0 , NO.527<br/><br/>Altitude :  M<br>AvgSpd : 0.00 <br> , 196 , 0.3 , 0 , line-180 , yellow , aqua , true , 
 , 40.113527969681421 , -88.205015577469837 ,  , 0 , 0 , NO.528<br/><br/>Altitude :  M<br>AvgSpd : 0.00 <br> , 196 , 0.3 , 0 , line-180 , yellow , aqua , true , 
 , 40.112888155177089 , -88.175835808113376 ,  , 0 , 0 , NO.529<br/><br/>Altitude :  M<br>AvgSpd : 0.00 <br> , 196 , 0.3 , 0 , line-180 , yellow , aqua , false , 
 , 40.083606941952382 , -88.257495170616124 ,  , 0 , 0 , NO.530<br/><br/>Altitude :  M<br>AvgSpd : 0.00 <br> , 196 , 0.3 , 0 , line-180 , yellow , aqua , true , 
 , 40.085089502265681 , -88.29516704156454 ,  , 0 , 0 , NO.531<br/><br/>Altitude :  M<br>AvgSpd : 0.00 <br> , 196 , 0.3 , 0 , line-180 , yellow , aqua , true , 
 , 40.123807929770479 , -88.201144362282818 ,  , 0 , 0 , NO.532<br/><br/>Altitude :  M<br>AvgSpd : 0.00 <br> , 196 , 0.3 , 0 , line-180 , yellow , aqua , true , 
 , 40.307243976752815 , -88.167657995590687 ,  , 0 , 0 , NO.533<br/><br/>Altitude :  M<br>AvgSpd : 0.00 <br> , 196 , 0.3 , 0 , line-180 , yellow , aqua , true , 
 , 40.118830100069161 , -88.2036489009744 ,  , 0 , 0 , NO.534<br/><br/>Altitude :  M<br>AvgSpd : 0.00 <br> , 196 , 0.3 , 0 , line-180 , yellow , aqua , true , 
 , 40.110575123361109 , -88.219415574385508 ,  , 0 , 0 , NO.535<br/><br/>Altitude :  M<br>AvgSpd : 0.00 <br> , 196 , 0.3 , 0 , line-180 , yellow , aqua , true , 
 , 40.10902058920091 , -88.276724150499163 ,  , 0 , 0 , NO.536<br/><br/>Altitude :  M<br>AvgSpd : 0.00 <br> , 196 , 0.3 , 0 , line-180 , yellow , aqua , true , 
 , 40.098046735914451 , -88.238526444555418 ,  , 0 , 0 , NO.537<br/><br/>Altitude :  M<br>AvgSpd : 0.00 <br> , 196 , 0.3 , 0 , line-180 , yellow , aqua , true , 
 , 39.96694323818442 , -88.284485854213486 ,  , 0 , 0 , NO.538<br/><br/>Altitude :  M<br>AvgSpd : 0.00 <br> , 196 , 0.3 , 0 , line-180 , yellow , aqua , true , 
 , 40.112543276149488 , -88.223985992399733 ,  , 0 , 0 , NO.539<br/><br/>Altitude :  M<br>AvgSpd : 0.00 <br> , 196 , 0.3 , 0 , line-180 , yellow , aqua , false , 
 , 40.10537823341491 , -88.238676870062932 ,  , 0 , 0 , NO.540<br/><br/>Altitude :  M<br>AvgSpd : 0.00 <br> , 196 , 0.3 , 0 , line-180 , yellow , aqua , true , 
 , 40.109097697409737 , -88.219306665753379 ,  , 0 , 0 , NO.541<br/><br/>Altitude :  M<br>AvgSpd : 0.00 <br> , 196 , 0.3 , 0 , line-180 , yellow , aqua , true , 
 , 40.110241922236639 , -88.238463551028403 ,  , 0 , 0 , NO.542<br/><br/>Altitude :  M<br>AvgSpd : 0.00 <br> , 196 , 0.3 , 0 , line-180 , yellow , aqua , true , 
 , 40.110023643107958 , -88.24347360051425 ,  , 0 , 0 , NO.543<br/><br/>Altitude :  M<br>AvgSpd : 0.00 <br> , 196 , 0.3 , 0 , line-180 , yellow , aqua , true , 
 , 40.109017475490099 , -88.276675449056285 ,  , 0 , 0 , NO.544<br/><br/>Altitude :  M<br>AvgSpd : 0.00 <br> , 196 , 0.3 , 0 , line-180 , yellow , aqua , true , 
 , 40.112430000244075 , -88.170311408853664 ,  , 0 , 0 , NO.545<br/><br/>Altitude :  M<br>AvgSpd : 0.00 <br> , 196 , 0.3 , 0 , line-180 , yellow , aqua , true , 
 , 40.110373091479325 , -88.238717111637371 ,  , 0 , 0 , NO.546<br/><br/>Altitude :  M<br>AvgSpd : 0.00 <br> , 196 , 0.3 , 0 , line-180 , yellow , aqua , true , 
 , 40.109246685638801 , -88.278704312237011 ,  , 0 , 0 , NO.547<br/><br/>Altitude :  M<br>AvgSpd : 0.00 <br> , 196 , 0.3 , 0 , line-180 , yellow , aqua , true , 
 , 40.127207684874001 , -88.243566425609927 ,  , 0 , 0 , NO.548<br/><br/>Altitude :  M<br>AvgSpd : 0.00 <br> , 196 , 0.3 , 0 , line-180 , yellow , aqua , true , 
 , 40.116403259934401 , -88.229074481395728 ,  , 0 , 0 , NO.549<br/><br/>Altitude :  M<br>AvgSpd : 0.00 <br> , 196 , 0.3 , 0 , line-180 , yellow , aqua , false , 
 , 40.189315936828208 , -88.393579603728867 ,  , 0 , 0 , NO.550<br/><br/>Altitude :  M<br>AvgSpd : 0.00 <br> , 196 , 0.3 , 0 , line-180 , yellow , aqua , true , 
 , 40.099926810812434 , -88.244306858980053 ,  , 0 , 0 , NO.551<br/><br/>Altitude :  M<br>AvgSpd : 0.00 <br> , 196 , 0.3 , 0 , line-180 , yellow , aqua , true , 
 , 40.105996868384608 , -88.221475644190065 ,  , 0 , 0 , NO.552<br/><br/>Altitude :  M<br>AvgSpd : 0.00 <br> , 196 , 0.3 , 0 , line-180 , yellow , aqua , true , 
 , 40.127377124530462 , -88.219546591377821 ,  , 0 , 0 , NO.553<br/><br/>Altitude :  M<br>AvgSpd : 0.00 <br> , 196 , 0.3 , 0 , line-180 , yellow , aqua , true , 
 , 40.101892260099696 , -88.200116991574959 ,  , 0 , 0 , NO.554<br/><br/>Altitude :  M<br>AvgSpd : 0.00 <br> , 196 , 0.3 , 0 , line-180 , yellow , aqua , true , 
 , 40.120219043662267 , -88.246874541206324 ,  , 0 , 0 , NO.555<br/><br/>Altitude :  M<br>AvgSpd : 0.00 <br> , 196 , 0.3 , 0 , line-180 , yellow , aqua , true , 
 , 40.11267671079441 , -88.233554962496143 ,  , 0 , 0 , NO.556<br/><br/>Altitude :  M<br>AvgSpd : 0.00 <br> , 196 , 0.3 , 0 , line-180 , yellow , aqua , true , 
 , 40.112661670583634 , -88.235040398941138 ,  , 0 , 0 , NO.557<br/><br/>Altitude :  M<br>AvgSpd : 0.00 <br> , 196 , 0.3 , 0 , line-180 , yellow , aqua , true , 
 , 40.116363383727766 , -88.233568519743372 ,  , 0 , 0 , NO.558<br/><br/>Altitude :  M<br>AvgSpd : 0.00 <br> , 196 , 0.3 , 0 , line-180 , yellow , aqua , true , 
 , 40.112658026260412 , -88.235398260676945 ,  , 0 , 0 , NO.559<br/><br/>Altitude :  M<br>AvgSpd : 0.00 <br> , 196 , 0.3 , 0 , line-180 , yellow , aqua , false , 
 , 40.094686996409962 , -88.204867044674273 ,  , 0 , 0 , NO.560<br/><br/>Altitude :  M<br>AvgSpd : 0.00 <br> , 196 , 0.3 , 0 , line-180 , yellow , aqua , true , 
 , 40.104029361005601 , -88.233493374661194 ,  , 0 , 0 , NO.561<br/><br/>Altitude :  M<br>AvgSpd : 0.00 <br> , 196 , 0.3 , 0 , line-180 , yellow , aqua , true , 
 , 40.110269706373451 , -88.236738538475649 ,  , 0 , 0 , NO.562<br/><br/>Altitude :  M<br>AvgSpd : 0.00 <br> , 196 , 0.3 , 0 , line-180 , yellow , aqua , true , 
 , 40.110278359925168 , -88.235404608251969 ,  , 0 , 0 , NO.563<br/><br/>Altitude :  M<br>AvgSpd : 0.00 <br> , 196 , 0.3 , 0 , line-180 , yellow , aqua , true , 
